RequestID,RequestType,RequestStatus,RequestData
101,1,3,{"CompanyName":"Ebert-Reilly",""LicenceType"":""Proprietor"",""IsOffice"":true,""OfficeName"":""Legal"",""OfficeServiceNumber"":""726-823-3414"",""RequestDate"":""15/1/2022"",""Activities"":""hQkpujTq8q""}
102,1,1,"{""CompanyName"":""Deckow-Fisher"",""LicenceType"":""Proprietor"",""IsOffice"":true,""OfficeName"":""Human Resources"",""OfficeServiceNumber"":""303-592-7394"",""RequestDate"":""2/3/2022"",""Activities"":""gmzKPXsBMg""}"
103,1,2,"{""CompanyName"":""Stanton Inc"",""LicenceType"":""Proprietor"",""IsOffice"":true,""OfficeName"":""Services"",""OfficeServiceNumber"":""298-494-8515"",""RequestDate"":""16/11/2021"",""Activities"":""XF935J0fBD""}"
104,1,2,"{""CompanyName"":""Bauch Group"",""LicenceType"":""Commercial"",""IsOffice"":true,""OfficeName"":""Support"",""OfficeServiceNumber"":""287-643-8056"",""RequestDate"":""9/7/2022"",""Activities"":""s5SR2RVgDt""}"
105,1,2,"{""CompanyName"":""Emard Group"",""LicenceType"":""Proprietor"",""IsOffice"":false,""OfficeName"":""Legal"",""OfficeServiceNumber"":""493-535-4288"",""RequestDate"":""1/2/2022"",""Activities"":""SNZ9u7CQ7p""}"
106,1,3,"{""CompanyName"":""Parisian, Kertzmann and Corwin"",""LicenceType"":""Proprietor"",""IsOffice"":true,""OfficeName"":""Marketing"",""OfficeServiceNumber"":""548-933-3825"",""RequestDate"":""22/12/2021"",""Activities"":""KtRhRw86Nw""}"
107,1,1,"{""CompanyName"":""Bahringer-Stark"",""LicenceType"":""Personal"",""IsOffice"":false,""OfficeName"":""Sales"",""OfficeServiceNumber"":""978-301-8316"",""RequestDate"":""6/7/2021"",""Activities"":""opYhxzx017""}"
108,1,2,"{""CompanyName"":""Ullrich-Hand"",""LicenceType"":""Proprietor"",""IsOffice"":true,""OfficeName"":""Human Resources"",""OfficeServiceNumber"":""165-848-4254"",""RequestDate"":""23/1/2022"",""Activities"":""lT26xY9wl0""}"
109,1,2,"{""CompanyName"":""Donnelly-Nader"",""LicenceType"":""Personal"",""IsOffice"":false,""OfficeName"":""Product Management"",""OfficeServiceNumber"":""682-173-2247"",""RequestDate"":""31/1/2022"",""Activities"":""876318DV7z""}"
110,1,1,"{""CompanyName"":""Mertz Inc"",""LicenceType"":""Proprietor"",""IsOffice"":true,""OfficeName"":""Sales"",""OfficeServiceNumber"":""680-731-8270"",""RequestDate"":""22/7/2022"",""Activities"":""08HiCsRI51""}"
111,1,1,"{""CompanyName"":""Robel and Sons"",""LicenceType"":""Personal"",""IsOffice"":false,""OfficeName"":""Marketing"",""OfficeServiceNumber"":""663-485-7395"",""RequestDate"":""29/5/2021"",""Activities"":""n117bI7215""}"
112,1,1,"{""CompanyName"":""Collier Group"",""LicenceType"":""Proprietor"",""IsOffice"":false,""OfficeName"":""Business Development"",""OfficeServiceNumber"":""687-513-3877"",""RequestDate"":""29/7/2021"",""Activities"":""l0KBJ88lvt""}"
113,1,1,"{""CompanyName"":""Bradtke, Stoltenberg and Moore"",""LicenceType"":""Commercial"",""IsOffice"":true,""OfficeName"":""Engineering"",""OfficeServiceNumber"":""908-659-0473"",""RequestDate"":""25/6/2022"",""Activities"":""5z3WDAVekQ""}"
114,1,3,"{""CompanyName"":""Brekke Group"",""LicenceType"":""Proprietor"",""IsOffice"":true,""OfficeName"":""Product Management"",""OfficeServiceNumber"":""367-194-5644"",""RequestDate"":""31/3/2021"",""Activities"":""z4vn3gQmRG""}"
115,1,3,"{""CompanyName"":""Greenholt Group"",""LicenceType"":""Personal"",""IsOffice"":true,""OfficeName"":""Legal"",""OfficeServiceNumber"":""642-703-0499"",""RequestDate"":""27/12/2022"",""Activities"":""X855L4P574""}"
116,1,3,"{""CompanyName"":""Brekke, Barrows and Bednar"",""LicenceType"":""Commercial"",""IsOffice"":true,""OfficeName"":""Support"",""OfficeServiceNumber"":""739-968-6095"",""RequestDate"":""9/11/2022"",""Activities"":""hia9ir4571""}"
117,1,3,"{""CompanyName"":""Roob-Lang"",""LicenceType"":""Commercial"",""IsOffice"":false,""OfficeName"":""Human Resources"",""OfficeServiceNumber"":""335-324-5600"",""RequestDate"":""26/1/2023"",""Activities"":""a57Hj4lYri""}"
118,1,3,"{""CompanyName"":""Howe, Dickinson and Rippin"",""LicenceType"":""Commercial"",""IsOffice"":true,""OfficeName"":""Support"",""OfficeServiceNumber"":""513-131-6457"",""RequestDate"":""9/10/2021"",""Activities"":""1gE83jcgyy""}"
119,1,3,"{""CompanyName"":""Ortiz, Krajcik and McGlynn"",""LicenceType"":""Commercial"",""IsOffice"":false,""OfficeName"":""Training"",""OfficeServiceNumber"":""459-873-9210"",""RequestDate"":""4/5/2023"",""Activities"":""mWKhu0xFEd""}"
120,1,1,"{""CompanyName"":""Kessler-Wilderman"",""LicenceType"":""Personal"",""IsOffice"":false,""OfficeName"":""Legal"",""OfficeServiceNumber"":""319-128-9471"",""RequestDate"":""8/4/2021"",""Activities"":""rx01uNE9WX""}"
121,1,3,"{""CompanyName"":""Maggio, Macejkovic and Altenwerth"",""LicenceType"":""Personal"",""IsOffice"":true,""OfficeName"":""Business Development"",""OfficeServiceNumber"":""690-900-9015"",""RequestDate"":""4/4/2022"",""Activities"":""f8GjXiK2y1""}"
122,1,1,"{""CompanyName"":""Stracke Inc"",""LicenceType"":""Commercial"",""IsOffice"":true,""OfficeName"":""Research and Development"",""OfficeServiceNumber"":""892-295-9880"",""RequestDate"":""5/3/2023"",""Activities"":""r62Ng8L190""}"
123,1,3,"{""CompanyName"":""Swaniawski, Heathcote and McCullough"",""LicenceType"":""Proprietor"",""IsOffice"":false,""OfficeName"":""Human Resources"",""OfficeServiceNumber"":""238-465-6179"",""RequestDate"":""19/5/2021"",""Activities"":""4zFz2Q2SBm""}"
124,1,2,"{""CompanyName"":""Beahan and Sons"",""LicenceType"":""Commercial"",""IsOffice"":false,""OfficeName"":""Product Management"",""OfficeServiceNumber"":""531-454-7516"",""RequestDate"":""12/12/2022"",""Activities"":""jTmF5G7imp""}"
125,1,3,"{""CompanyName"":""Jakubowski, Abshire and Hickle"",""LicenceType"":""Commercial"",""IsOffice"":false,""OfficeName"":""Engineering"",""OfficeServiceNumber"":""805-962-9466"",""RequestDate"":""8/7/2021"",""Activities"":""jC6oiG056J""}"
126,1,2,"{""CompanyName"":""Luettgen Inc"",""LicenceType"":""Commercial"",""IsOffice"":true,""OfficeName"":""Legal"",""OfficeServiceNumber"":""542-868-7227"",""RequestDate"":""15/12/2020"",""Activities"":""Q7irt60Uv5""}"
127,1,3,"{""CompanyName"":""Oberbrunner, Russel and Reilly"",""LicenceType"":""Proprietor"",""IsOffice"":true,""OfficeName"":""Research and Development"",""OfficeServiceNumber"":""404-860-9485"",""RequestDate"":""4/9/2023"",""Activities"":""eIh76tjMm0""}"
128,1,3,"{""CompanyName"":""Kunde Inc"",""LicenceType"":""Commercial"",""IsOffice"":true,""OfficeName"":""Services"",""OfficeServiceNumber"":""887-561-5139"",""RequestDate"":""21/11/2020"",""Activities"":""f535jgBdkE""}"
129,1,1,"{""CompanyName"":""Pfannerstill-Daniel"",""LicenceType"":""Personal"",""IsOffice"":false,""OfficeName"":""Sales"",""OfficeServiceNumber"":""990-220-4114"",""RequestDate"":""25/1/2022"",""Activities"":""RmDSs2K24f""}"
130,1,3,"{""CompanyName"":""Hintz Group"",""LicenceType"":""Commercial"",""IsOffice"":false,""OfficeName"":""Human Resources"",""OfficeServiceNumber"":""912-165-7733"",""RequestDate"":""18/3/2023"",""Activities"":""qBgnNRw6g3""}"
131,1,3,"{""CompanyName"":""Kunze-Blick"",""LicenceType"":""Commercial"",""IsOffice"":false,""OfficeName"":""Sales"",""OfficeServiceNumber"":""662-774-3581"",""RequestDate"":""28/12/2020"",""Activities"":""udqt2DMVMg""}"
132,1,1,"{""CompanyName"":""Sporer Group"",""LicenceType"":""Proprietor"",""IsOffice"":false,""OfficeName"":""Engineering"",""OfficeServiceNumber"":""580-755-0198"",""RequestDate"":""21/4/2021"",""Activities"":""fr7e0O2C9N""}"
133,1,1,"{""CompanyName"":""Larson LLC"",""LicenceType"":""Personal"",""IsOffice"":false,""OfficeName"":""Training"",""OfficeServiceNumber"":""934-848-1940"",""RequestDate"":""3/6/2021"",""Activities"":""IaFL2g5C5u""}"
134,1,3,"{""CompanyName"":""Ratke-Gleichner"",""LicenceType"":""Commercial"",""IsOffice"":false,""OfficeName"":""Product Management"",""OfficeServiceNumber"":""970-848-6468"",""RequestDate"":""27/1/2022"",""Activities"":""X70uKq44Kl""}"
135,1,3,"{""CompanyName"":""Abshire LLC"",""LicenceType"":""Personal"",""IsOffice"":false,""OfficeName"":""Services"",""OfficeServiceNumber"":""597-988-8130"",""RequestDate"":""6/3/2021"",""Activities"":""8ZOf0AELL5""}"
136,1,3,"{""CompanyName"":""Rodriguez Inc"",""LicenceType"":""Commercial"",""IsOffice"":true,""OfficeName"":""Services"",""OfficeServiceNumber"":""153-514-8888"",""RequestDate"":""24/8/2021"",""Activities"":""n4tADLD0c7""}"
137,1,3,"{""CompanyName"":""Schumm, Cremin and Kulas"",""LicenceType"":""Proprietor"",""IsOffice"":true,""OfficeName"":""Research and Development"",""OfficeServiceNumber"":""685-674-7113"",""RequestDate"":""14/8/2021"",""Activities"":""I4hHHZBbj5""}"
138,1,3,"{""CompanyName"":""Kling-Hahn"",""LicenceType"":""Commercial"",""IsOffice"":false,""OfficeName"":""Research and Development"",""OfficeServiceNumber"":""903-900-2590"",""RequestDate"":""26/1/2023"",""Activities"":""Yq4imTII4k""}"
139,1,3,"{""CompanyName"":""Koelpin-Hickle"",""LicenceType"":""Proprietor"",""IsOffice"":true,""OfficeName"":""Marketing"",""OfficeServiceNumber"":""645-982-4033"",""RequestDate"":""4/8/2021"",""Activities"":""e59bejdKfs""}"
140,1,1,"{""CompanyName"":""Kerluke, Rice and Considine"",""LicenceType"":""Proprietor"",""IsOffice"":true,""OfficeName"":""Human Resources"",""OfficeServiceNumber"":""908-528-1492"",""RequestDate"":""30/11/2022"",""Activities"":""4dIpJj92k2""}"
141,1,1,"{""CompanyName"":""Treutel, Hills and Hodkiewicz"",""LicenceType"":""Proprietor"",""IsOffice"":false,""OfficeName"":""Product Management"",""OfficeServiceNumber"":""530-667-6915"",""RequestDate"":""31/8/2023"",""Activities"":""Eo9dRNV1Ap""}"
142,1,2,"{""CompanyName"":""Stiedemann-Metz"",""LicenceType"":""Commercial"",""IsOffice"":false,""OfficeName"":""Sales"",""OfficeServiceNumber"":""235-756-4911"",""RequestDate"":""14/1/2021"",""Activities"":""O0df7g22vZ""}"
143,1,2,"{""CompanyName"":""Barrows and Sons"",""LicenceType"":""Personal"",""IsOffice"":false,""OfficeName"":""Accounting"",""OfficeServiceNumber"":""689-196-1984"",""RequestDate"":""2/10/2022"",""Activities"":""CX5WgLWI5m""}"
144,1,2,"{""CompanyName"":""Carroll Inc"",""LicenceType"":""Commercial"",""IsOffice"":false,""OfficeName"":""Business Development"",""OfficeServiceNumber"":""693-347-8794"",""RequestDate"":""10/4/2022"",""Activities"":""b04QbHF1wO""}"
145,1,3,"{""CompanyName"":""Kreiger LLC"",""LicenceType"":""Personal"",""IsOffice"":false,""OfficeName"":""Support"",""OfficeServiceNumber"":""901-325-2543"",""RequestDate"":""20/10/2022"",""Activities"":""6g1C5lRbhv""}"
146,1,1,"{""CompanyName"":""Hammes, Volkman and Kutch"",""LicenceType"":""Personal"",""IsOffice"":false,""OfficeName"":""Support"",""OfficeServiceNumber"":""409-242-5816"",""RequestDate"":""23/1/2023"",""Activities"":""7fhVMPWaj9""}"
147,1,1,"{""CompanyName"":""Bruen-Crona"",""LicenceType"":""Commercial"",""IsOffice"":true,""OfficeName"":""Accounting"",""OfficeServiceNumber"":""964-967-0020"",""RequestDate"":""3/10/2023"",""Activities"":""XSgj72CYih""}"
148,1,3,"{""CompanyName"":""Funk-Williamson"",""LicenceType"":""Proprietor"",""IsOffice"":true,""OfficeName"":""Research and Development"",""OfficeServiceNumber"":""239-738-6489"",""RequestDate"":""12/6/2022"",""Activities"":""51bk6U5eLw""}"
149,1,1,"{""CompanyName"":""Kirlin Inc"",""LicenceType"":""Proprietor"",""IsOffice"":true,""OfficeName"":""Research and Development"",""OfficeServiceNumber"":""348-714-3565"",""RequestDate"":""23/9/2023"",""Activities"":""ftO2WCgpBV""}"
150,1,2,"{""CompanyName"":""Pollich and Sons"",""LicenceType"":""Proprietor"",""IsOffice"":true,""OfficeName"":""Services"",""OfficeServiceNumber"":""626-491-8426"",""RequestDate"":""4/7/2022"",""Activities"":""xPKP7D90K9""}"
151,1,1,"{""CompanyName"":""Kilback Inc"",""LicenceType"":""Proprietor"",""IsOffice"":true,""OfficeName"":""Engineering"",""OfficeServiceNumber"":""512-357-1367"",""RequestDate"":""17/5/2023"",""Activities"":""Yc91vJD3Wx""}"
152,1,3,"{""CompanyName"":""Tillman, Johnson and Conroy"",""LicenceType"":""Proprietor"",""IsOffice"":false,""OfficeName"":""Human Resources"",""OfficeServiceNumber"":""121-118-8285"",""RequestDate"":""11/12/2022"",""Activities"":""xUW22ph4v2""}"
153,1,3,"{""CompanyName"":""Breitenberg, Wilkinson and Quigley"",""LicenceType"":""Commercial"",""IsOffice"":false,""OfficeName"":""Sales"",""OfficeServiceNumber"":""864-921-5241"",""RequestDate"":""2/3/2021"",""Activities"":""Ua61r6IV5Q""}"
154,1,2,"{""CompanyName"":""Lebsack, Schowalter and Carter"",""LicenceType"":""Personal"",""IsOffice"":false,""OfficeName"":""Accounting"",""OfficeServiceNumber"":""835-980-5207"",""RequestDate"":""16/3/2022"",""Activities"":""TyBK8JJvgd""}"
155,1,1,"{""CompanyName"":""Lubowitz, Swift and Dooley"",""LicenceType"":""Personal"",""IsOffice"":true,""OfficeName"":""Engineering"",""OfficeServiceNumber"":""549-184-0082"",""RequestDate"":""3/7/2021"",""Activities"":""2S9FOudGOg""}"
156,1,3,"{""CompanyName"":""Klocko, Sanford and Macejkovic"",""LicenceType"":""Personal"",""IsOffice"":true,""OfficeName"":""Engineering"",""OfficeServiceNumber"":""716-114-0941"",""RequestDate"":""30/12/2020"",""Activities"":""dej155m9as""}"
157,1,1,"{""CompanyName"":""Krajcik, Kihn and Wunsch"",""LicenceType"":""Commercial"",""IsOffice"":true,""OfficeName"":""Research and Development"",""OfficeServiceNumber"":""697-126-2970"",""RequestDate"":""18/12/2022"",""Activities"":""Dok2t3whZ8""}"
158,1,3,"{""CompanyName"":""Ankunding, Schroeder and Frami"",""LicenceType"":""Personal"",""IsOffice"":false,""OfficeName"":""Human Resources"",""OfficeServiceNumber"":""126-521-5743"",""RequestDate"":""28/10/2022"",""Activities"":""Sa553KDTuu""}"
159,1,2,"{""CompanyName"":""Graham, Quitzon and Heller"",""LicenceType"":""Personal"",""IsOffice"":false,""OfficeName"":""Training"",""OfficeServiceNumber"":""710-480-1298"",""RequestDate"":""27/6/2021"",""Activities"":""r0V6D052NR""}"
160,1,1,"{""CompanyName"":""Haley, Rowe and Funk"",""LicenceType"":""Personal"",""IsOffice"":true,""OfficeName"":""Engineering"",""OfficeServiceNumber"":""178-769-1563"",""RequestDate"":""13/9/2022"",""Activities"":""DZ0n0F4M5E""}"
161,1,3,"{""CompanyName"":""Gusikowski LLC"",""LicenceType"":""Proprietor"",""IsOffice"":true,""OfficeName"":""Human Resources"",""OfficeServiceNumber"":""929-296-9908"",""RequestDate"":""30/7/2023"",""Activities"":""HdQU4bPK4e""}"
162,1,2,"{""CompanyName"":""Larson LLC"",""LicenceType"":""Proprietor"",""IsOffice"":false,""OfficeName"":""Product Management"",""OfficeServiceNumber"":""997-831-5213"",""RequestDate"":""29/7/2022"",""Activities"":""Hvq49xJ818""}"
163,1,2,"{""CompanyName"":""Thompson, DuBuque and Schroeder"",""LicenceType"":""Commercial"",""IsOffice"":false,""OfficeName"":""Accounting"",""OfficeServiceNumber"":""994-581-4249"",""RequestDate"":""12/3/2021"",""Activities"":""5th6N3ugDY""}"
164,1,2,"{""CompanyName"":""Morar-Langworth"",""LicenceType"":""Commercial"",""IsOffice"":false,""OfficeName"":""Engineering"",""OfficeServiceNumber"":""984-473-5158"",""RequestDate"":""20/4/2022"",""Activities"":""F9ewK8GDTb""}"
165,1,3,"{""CompanyName"":""Rice-Rau"",""LicenceType"":""Proprietor"",""IsOffice"":false,""OfficeName"":""Product Management"",""OfficeServiceNumber"":""683-151-5197"",""RequestDate"":""27/2/2022"",""Activities"":""7UZ96giPXv""}"
166,1,1,"{""CompanyName"":""Lind, Okuneva and Haley"",""LicenceType"":""Proprietor"",""IsOffice"":false,""OfficeName"":""Legal"",""OfficeServiceNumber"":""789-233-5682"",""RequestDate"":""20/8/2022"",""Activities"":""mQrDil6Aut""}"
167,1,2,"{""CompanyName"":""Kertzmann, Emard and Emard"",""LicenceType"":""Personal"",""IsOffice"":true,""OfficeName"":""Business Development"",""OfficeServiceNumber"":""295-786-8888"",""RequestDate"":""3/3/2022"",""Activities"":""TB481aKW7v""}"
168,1,2,"{""CompanyName"":""Emmerich Group"",""LicenceType"":""Personal"",""IsOffice"":false,""OfficeName"":""Marketing"",""OfficeServiceNumber"":""775-235-3878"",""RequestDate"":""29/1/2023"",""Activities"":""Nj2TGzN4tB""}"
169,1,2,"{""CompanyName"":""Sawayn-Ortiz"",""LicenceType"":""Commercial"",""IsOffice"":false,""OfficeName"":""Product Management"",""OfficeServiceNumber"":""771-265-8478"",""RequestDate"":""7/10/2023"",""Activities"":""QkaGU37Vv6""}"
170,1,2,"{""CompanyName"":""Morissette, Hegmann and Hammes"",""LicenceType"":""Personal"",""IsOffice"":true,""OfficeName"":""Support"",""OfficeServiceNumber"":""748-289-7745"",""RequestDate"":""15/11/2020"",""Activities"":""I84xh8Ez4m""}"
171,1,3,"{""CompanyName"":""Abshire, Daniel and Kilback"",""LicenceType"":""Proprietor"",""IsOffice"":false,""OfficeName"":""Product Management"",""OfficeServiceNumber"":""621-939-6504"",""RequestDate"":""17/5/2023"",""Activities"":""X0t3fp54pp""}"
172,1,2,"{""CompanyName"":""Nienow-Funk"",""LicenceType"":""Proprietor"",""IsOffice"":false,""OfficeName"":""Support"",""OfficeServiceNumber"":""441-832-1375"",""RequestDate"":""28/3/2021"",""Activities"":""509A2w8L4S""}"
173,1,2,"{""CompanyName"":""Wilkinson-Kertzmann"",""LicenceType"":""Proprietor"",""IsOffice"":false,""OfficeName"":""Product Management"",""OfficeServiceNumber"":""636-712-1828"",""RequestDate"":""11/12/2022"",""Activities"":""Mob4gxzBPj""}"
174,1,1,"{""CompanyName"":""Deckow, Powlowski and Carroll"",""LicenceType"":""Personal"",""IsOffice"":false,""OfficeName"":""Training"",""OfficeServiceNumber"":""538-474-7697"",""RequestDate"":""11/9/2022"",""Activities"":""NPX3qfXD5C""}"
175,1,1,"{""CompanyName"":""Senger and Sons"",""LicenceType"":""Commercial"",""IsOffice"":false,""OfficeName"":""Training"",""OfficeServiceNumber"":""413-599-3252"",""RequestDate"":""20/4/2023"",""Activities"":""CAwg7793R1""}"
176,1,1,"{""CompanyName"":""Mohr, Jacobi and Ritchie"",""LicenceType"":""Commercial"",""IsOffice"":true,""OfficeName"":""Services"",""OfficeServiceNumber"":""219-505-5938"",""RequestDate"":""23/8/2021"",""Activities"":""RjQtEe9TqM""}"
177,1,3,"{""CompanyName"":""Brown Inc"",""LicenceType"":""Proprietor"",""IsOffice"":false,""OfficeName"":""Human Resources"",""OfficeServiceNumber"":""426-378-3446"",""RequestDate"":""31/8/2021"",""Activities"":""VcZLW7v0JT""}"
178,1,2,"{""CompanyName"":""Goldner and Sons"",""LicenceType"":""Commercial"",""IsOffice"":false,""OfficeName"":""Training"",""OfficeServiceNumber"":""738-978-9954"",""RequestDate"":""18/6/2021"",""Activities"":""DXJjg1EI0j""}"
179,1,2,"{""CompanyName"":""Gorczany-Wehner"",""LicenceType"":""Personal"",""IsOffice"":false,""OfficeName"":""Marketing"",""OfficeServiceNumber"":""282-347-3843"",""RequestDate"":""8/3/2022"",""Activities"":""Pi1ayzag32""}"
180,1,1,"{""CompanyName"":""Rosenbaum Inc"",""LicenceType"":""Proprietor"",""IsOffice"":false,""OfficeName"":""Engineering"",""OfficeServiceNumber"":""444-302-7230"",""RequestDate"":""20/10/2022"",""Activities"":""61jOy2PDHO""}"
181,1,2,"{""CompanyName"":""Hessel-Koss"",""LicenceType"":""Proprietor"",""IsOffice"":false,""OfficeName"":""Legal"",""OfficeServiceNumber"":""747-977-8988"",""RequestDate"":""15/9/2022"",""Activities"":""8LgE11zUfw""}"
182,1,3,"{""CompanyName"":""Williamson, Murphy and Smith"",""LicenceType"":""Personal"",""IsOffice"":false,""OfficeName"":""Training"",""OfficeServiceNumber"":""193-257-7925"",""RequestDate"":""11/3/2022"",""Activities"":""X70g2ViWwy""}"
183,1,3,"{""CompanyName"":""Douglas-Bauch"",""LicenceType"":""Proprietor"",""IsOffice"":true,""OfficeName"":""Support"",""OfficeServiceNumber"":""137-805-8935"",""RequestDate"":""5/4/2021"",""Activities"":""4ALOQ5Cd0L""}"
184,1,1,"{""CompanyName"":""Marquardt Group"",""LicenceType"":""Personal"",""IsOffice"":true,""OfficeName"":""Marketing"",""OfficeServiceNumber"":""966-970-4691"",""RequestDate"":""16/8/2021"",""Activities"":""kDK8sd52F7""}"
185,1,2,"{""CompanyName"":""Halvorson-Douglas"",""LicenceType"":""Personal"",""IsOffice"":false,""OfficeName"":""Legal"",""OfficeServiceNumber"":""210-573-9868"",""RequestDate"":""2/6/2023"",""Activities"":""Y5Qi23W2XY""}"
186,1,1,"{""CompanyName"":""Champlin, Klein and Oberbrunner"",""LicenceType"":""Personal"",""IsOffice"":false,""OfficeName"":""Support"",""OfficeServiceNumber"":""717-289-5536"",""RequestDate"":""15/2/2022"",""Activities"":""5f8VElY6T0""}"
187,1,3,"{""CompanyName"":""Walsh, Beahan and Labadie"",""LicenceType"":""Proprietor"",""IsOffice"":false,""OfficeName"":""Support"",""OfficeServiceNumber"":""882-463-3347"",""RequestDate"":""20/3/2022"",""Activities"":""5jOu8Vk31i""}"
188,1,2,"{""CompanyName"":""Hegmann, Morissette and Bartoletti"",""LicenceType"":""Proprietor"",""IsOffice"":false,""OfficeName"":""Marketing"",""OfficeServiceNumber"":""414-744-0633"",""RequestDate"":""9/6/2022"",""Activities"":""9L0o9o07ip""}"
189,1,3,"{""CompanyName"":""Ebert Inc"",""LicenceType"":""Commercial"",""IsOffice"":false,""OfficeName"":""Sales"",""OfficeServiceNumber"":""212-596-7181"",""RequestDate"":""16/2/2022"",""Activities"":""G465VhN2aV""}"
190,1,2,"{""CompanyName"":""Parisian, Parisian and Hyatt"",""LicenceType"":""Commercial"",""IsOffice"":false,""OfficeName"":""Engineering"",""OfficeServiceNumber"":""824-277-6702"",""RequestDate"":""30/3/2023"",""Activities"":""0fd42Qz8E8""}"
191,1,2,"{""CompanyName"":""Witting-Will"",""LicenceType"":""Proprietor"",""IsOffice"":true,""OfficeName"":""Business Development"",""OfficeServiceNumber"":""648-581-5296"",""RequestDate"":""19/1/2021"",""Activities"":""CN8s008x69""}"
192,1,2,"{""CompanyName"":""Macejkovic, Mayer and Nitzsche"",""LicenceType"":""Commercial"",""IsOffice"":true,""OfficeName"":""Services"",""OfficeServiceNumber"":""304-590-5583"",""RequestDate"":""12/3/2021"",""Activities"":""A6lhu9Rwjz""}"
193,1,1,"{""CompanyName"":""Blanda, Lindgren and Shields"",""LicenceType"":""Proprietor"",""IsOffice"":false,""OfficeName"":""Product Management"",""OfficeServiceNumber"":""616-370-5494"",""RequestDate"":""25/5/2021"",""Activities"":""13011bOpKm""}"
194,1,1,"{""CompanyName"":""Zboncak LLC"",""LicenceType"":""Proprietor"",""IsOffice"":true,""OfficeName"":""Research and Development"",""OfficeServiceNumber"":""117-245-6324"",""RequestDate"":""28/9/2023"",""Activities"":""29fA8y2x2S""}"
195,1,3,"{""CompanyName"":""Bashirian Inc"",""LicenceType"":""Proprietor"",""IsOffice"":false,""OfficeName"":""Training"",""OfficeServiceNumber"":""833-920-7003"",""RequestDate"":""18/11/2022"",""Activities"":""i2oAK900UD""}"
196,1,1,"{""CompanyName"":""Bruen Inc"",""LicenceType"":""Personal"",""IsOffice"":true,""OfficeName"":""Business Development"",""OfficeServiceNumber"":""816-368-5405"",""RequestDate"":""22/9/2021"",""Activities"":""hT9Va7asoy""}"
197,1,1,"{""CompanyName"":""Runte, Beatty and Hirthe"",""LicenceType"":""Commercial"",""IsOffice"":false,""OfficeName"":""Sales"",""OfficeServiceNumber"":""908-802-4263"",""RequestDate"":""5/10/2021"",""Activities"":""9wX2Z6zlxh""}"
198,1,2,"{""CompanyName"":""Huel-Bode"",""LicenceType"":""Personal"",""IsOffice"":true,""OfficeName"":""Training"",""OfficeServiceNumber"":""468-300-6403"",""RequestDate"":""12/9/2022"",""Activities"":""ozxN6Q0026""}"
199,1,2,"{""CompanyName"":""Keebler Group"",""LicenceType"":""Personal"",""IsOffice"":false,""OfficeName"":""Marketing"",""OfficeServiceNumber"":""434-629-0310"",""RequestDate"":""18/2/2022"",""Activities"":""GNLQaOuM86""}"
200,2,2,"{""CompanyName"":""Batz LLC"",""RequesterName"":""Eddy Preddle"",""ApplicantName"":""Joey Blundon"",""UserName"":""jblundon0"",""ContactEmail"":""jblundon0@pinterest.com"",""Permissions"":[""delete"",""add"",""update""]}"
201,2,3,"{""CompanyName"":""Skiles-Kub"",""RequesterName"":""Wilona Shallcrass"",""ApplicantName"":""Rinaldo Schubuser"",""UserName"":""rschubuser1"",""ContactEmail"":""rschubuser1@omniture.com"",""Permissions"":[""delete"",""view"",""update""]}"
202,2,3,"{""CompanyName"":""O'Conner-Robel"",""RequesterName"":""Randal Keizman"",""ApplicantName"":""Thorny Carillo"",""UserName"":""tcarillo2"",""ContactEmail"":""tcarillo2@jalbum.net"",""Permissions"":[""add"",""view"",""delete""]}"
203,2,3,"{""CompanyName"":""Wyman, Keebler and Donnelly"",""RequesterName"":""Josh Mackstead"",""ApplicantName"":""Hart Haensel"",""UserName"":""hhaensel3"",""ContactEmail"":""hhaensel3@etsy.com"",""Permissions"":[""delete"",""add"",""update""]}"
204,2,3,"{""CompanyName"":""Howell Group"",""RequesterName"":""Beatrix Cheley"",""ApplicantName"":""Kaylil Hearse"",""UserName"":""khearse4"",""ContactEmail"":""khearse4@facebook.com"",""Permissions"":[""add"",""view"",""update""]}"
205,2,3,"{""CompanyName"":""Hintz, Roob and Pouros"",""RequesterName"":""Thaddus Waddams"",""ApplicantName"":""Josepha Quaif"",""UserName"":""jquaif5"",""ContactEmail"":""jquaif5@sitemeter.com"",""Permissions"":[""delete"",""update"",""view""]}"
206,2,3,"{""CompanyName"":""Cummerata Group"",""RequesterName"":""Albie Eldon"",""ApplicantName"":""Indira Cholomin"",""UserName"":""icholomin6"",""ContactEmail"":""icholomin6@dot.gov"",""Permissions"":[""update"",""add"",""delete""]}"
207,2,3,"{""CompanyName"":""Abshire Group"",""RequesterName"":""Ellen Chadbourne"",""ApplicantName"":""Rick Wharfe"",""UserName"":""rwharfe7"",""ContactEmail"":""rwharfe7@independent.co.uk"",""Permissions"":[""update"",""view"",""delete""]}"
208,2,1,"{""CompanyName"":""Raynor LLC"",""RequesterName"":""Angelika Scutts"",""ApplicantName"":""Nike Gerner"",""UserName"":""ngerner8"",""ContactEmail"":""ngerner8@bloglovin.com"",""Permissions"":[""delete"",""view"",""update""]}"
209,2,1,"{""CompanyName"":""McClure, Wehner and Tremblay"",""RequesterName"":""Dolorita Boyland"",""ApplicantName"":""Dara Ferriere"",""UserName"":""dferriere9"",""ContactEmail"":""dferriere9@soundcloud.com"",""Permissions"":[""view"",""delete"",""update""]}"
210,2,1,"{""CompanyName"":""Beahan-Braun"",""RequesterName"":""Darcee Dewbury"",""ApplicantName"":""Nesta Hamblett"",""UserName"":""nhambletta"",""ContactEmail"":""nhambletta@indiatimes.com"",""Permissions"":[""delete"",""update"",""view""]}"
211,2,1,"{""CompanyName"":""Schmitt Group"",""RequesterName"":""Elwira Dargie"",""ApplicantName"":""Wayland Kemp"",""UserName"":""wkempb"",""ContactEmail"":""wkempb@oracle.com"",""Permissions"":[""add"",""view"",""update""]}"
212,2,1,"{""CompanyName"":""Maggio, Howell and Kertzmann"",""RequesterName"":""Liam Wildor"",""ApplicantName"":""Eleen Slimon"",""UserName"":""eslimonc"",""ContactEmail"":""eslimonc@fotki.com"",""Permissions"":[""update"",""view"",""add""]}"
213,2,2,"{""CompanyName"":""Hamill-Cremin"",""RequesterName"":""Reena Kuzemka"",""ApplicantName"":""Selle Payler"",""UserName"":""spaylerd"",""ContactEmail"":""spaylerd@cornell.edu"",""Permissions"":[""update"",""view"",""add""]}"
214,2,3,"{""CompanyName"":""Bode-Carter"",""RequesterName"":""Darleen De Filippis"",""ApplicantName"":""Roman Greves"",""UserName"":""rgrevese"",""ContactEmail"":""rgrevese@networkadvertising.org"",""Permissions"":[""view"",""add"",""update""]}"
215,2,3,"{""CompanyName"":""Wintheiser, Dare and Rosenbaum"",""RequesterName"":""Laurens Smethurst"",""ApplicantName"":""Pierce Nare"",""UserName"":""pnaref"",""ContactEmail"":""pnaref@nba.com"",""Permissions"":[""delete"",""view"",""update""]}"
216,2,1,"{""CompanyName"":""Renner-Boyer"",""RequesterName"":""Jill Gellately"",""ApplicantName"":""Goldina Flecknoe"",""UserName"":""gflecknoeg"",""ContactEmail"":""gflecknoeg@com.com"",""Permissions"":[""add"",""delete"",""view""]}"
217,2,1,"{""CompanyName"":""Larson Inc"",""RequesterName"":""Graig Tregale"",""ApplicantName"":""Demetrius Aslie"",""UserName"":""daslieh"",""ContactEmail"":""daslieh@blogtalkradio.com"",""Permissions"":[""view"",""update"",""add""]}"
218,2,1,"{""CompanyName"":""Jacobi, McDermott and Buckridge"",""RequesterName"":""Jemima Rousell"",""ApplicantName"":""Rodrique Ivshin"",""UserName"":""rivshini"",""ContactEmail"":""rivshini@bizjournals.com"",""Permissions"":[""update"",""view"",""delete""]}"
219,2,2,"{""CompanyName"":""Little-Buckridge"",""RequesterName"":""Ruperto Milberry"",""ApplicantName"":""Ddene Crippes"",""UserName"":""dcrippesj"",""ContactEmail"":""dcrippesj@tinyurl.com"",""Permissions"":[""view"",""add"",""update""]}"
220,2,2,"{""CompanyName"":""Olson, Quigley and Ledner"",""RequesterName"":""Alla Fawlo"",""ApplicantName"":""Annecorinne Rasper"",""UserName"":""arasperk"",""ContactEmail"":""arasperk@infoseek.co.jp"",""Permissions"":[""update"",""delete"",""view""]}"
221,2,3,"{""CompanyName"":""Ritchie-Heller"",""RequesterName"":""Aubrie Fittall"",""ApplicantName"":""Gwenette Local"",""UserName"":""glocall"",""ContactEmail"":""glocall@archive.org"",""Permissions"":[""update"",""view"",""delete""]}"
222,2,3,"{""CompanyName"":""Baumbach-Abbott"",""RequesterName"":""Catharina Peare"",""ApplicantName"":""Lila Tryhorn"",""UserName"":""ltryhornm"",""ContactEmail"":""ltryhornm@bandcamp.com"",""Permissions"":[""update"",""view"",""add""]}"
223,2,3,"{""CompanyName"":""Friesen Inc"",""RequesterName"":""Mella Grossier"",""ApplicantName"":""Anderson Clinton"",""UserName"":""aclintonn"",""ContactEmail"":""aclintonn@google.ca"",""Permissions"":[""add"",""delete"",""update""]}"
224,2,2,"{""CompanyName"":""O'Keefe-West"",""RequesterName"":""Olivero Buswell"",""ApplicantName"":""Raquela Hayton"",""UserName"":""rhaytono"",""ContactEmail"":""rhaytono@slate.com"",""Permissions"":[""delete"",""add"",""update""]}"
225,2,2,"{""CompanyName"":""Hermiston Group"",""RequesterName"":""Ezra Hamsson"",""ApplicantName"":""Caria Docwra"",""UserName"":""cdocwrap"",""ContactEmail"":""cdocwrap@nbcnews.com"",""Permissions"":[""view"",""update"",""delete""]}"
226,2,3,"{""CompanyName"":""Metz, Murazik and Hickle"",""RequesterName"":""Ada Strowlger"",""ApplicantName"":""Kent Twitching"",""UserName"":""ktwitchingq"",""ContactEmail"":""ktwitchingq@unesco.org"",""Permissions"":[""add"",""delete"",""view""]}"
227,2,3,"{""CompanyName"":""Ritchie LLC"",""RequesterName"":""Alaric Purkis"",""ApplicantName"":""Ketty Filler"",""UserName"":""kfillerr"",""ContactEmail"":""kfillerr@seattletimes.com"",""Permissions"":[""delete"",""update"",""add""]}"
228,2,2,"{""CompanyName"":""Rutherford, Grimes and Hickle"",""RequesterName"":""Montgomery Bargh"",""ApplicantName"":""Stacy Parrington"",""UserName"":""sparringtons"",""ContactEmail"":""sparringtons@is.gd"",""Permissions"":[""delete"",""update"",""add""]}"
229,2,3,"{""CompanyName"":""Douglas LLC"",""RequesterName"":""Penelope Berthomieu"",""ApplicantName"":""Zechariah Gheorghie"",""UserName"":""zgheorghiet"",""ContactEmail"":""zgheorghiet@economist.com"",""Permissions"":[""delete"",""add"",""update""]}"
230,2,3,"{""CompanyName"":""Koch-Grant"",""RequesterName"":""Wilma Zukerman"",""ApplicantName"":""Johnny Chung"",""UserName"":""jchungu"",""ContactEmail"":""jchungu@amazon.co.uk"",""Permissions"":[""delete"",""update"",""view""]}"
231,2,2,"{""CompanyName"":""Stanton Group"",""RequesterName"":""Arlan Durban"",""ApplicantName"":""Mano Blaskett"",""UserName"":""mblaskettv"",""ContactEmail"":""mblaskettv@arstechnica.com"",""Permissions"":[""delete"",""update"",""add""]}"
232,2,2,"{""CompanyName"":""Considine-Fisher"",""RequesterName"":""Bradan Tallent"",""ApplicantName"":""Jacqueline Pic"",""UserName"":""jpicw"",""ContactEmail"":""jpicw@friendfeed.com"",""Permissions"":[""view"",""delete"",""add""]}"
233,2,3,"{""CompanyName"":""Goyette, Schaden and Willms"",""RequesterName"":""Netti Radley"",""ApplicantName"":""Laverne Brager"",""UserName"":""lbragerx"",""ContactEmail"":""lbragerx@weibo.com"",""Permissions"":[""delete"",""update"",""view""]}"
234,2,2,"{""CompanyName"":""Waters-Ryan"",""RequesterName"":""Adelind McRamsey"",""ApplicantName"":""Raquel Thurley"",""UserName"":""rthurleyy"",""ContactEmail"":""rthurleyy@aboutads.info"",""Permissions"":[""add"",""view"",""update""]}"
235,2,2,"{""CompanyName"":""Boyer, Bartell and Nikolaus"",""RequesterName"":""Francyne Keynes"",""ApplicantName"":""West Okenden"",""UserName"":""wokendenz"",""ContactEmail"":""wokendenz@unblog.fr"",""Permissions"":[""delete"",""view"",""update""]}"
236,2,1,"{""CompanyName"":""Hilpert, Jacobson and Schneider"",""RequesterName"":""Ruthi Poag"",""ApplicantName"":""Cornie Bierman"",""UserName"":""cbierman10"",""ContactEmail"":""cbierman10@pinterest.com"",""Permissions"":[""add"",""view"",""update""]}"
237,2,2,"{""CompanyName"":""Bahringer-Jacobi"",""RequesterName"":""Drusy Yvon"",""ApplicantName"":""Claretta Ainger"",""UserName"":""cainger11"",""ContactEmail"":""cainger11@pinterest.com"",""Permissions"":[""delete"",""update"",""view""]}"
238,2,1,"{""CompanyName"":""Zemlak-Ziemann"",""RequesterName"":""Lovell Coulbeck"",""ApplicantName"":""Jim Croxley"",""UserName"":""jcroxley12"",""ContactEmail"":""jcroxley12@slashdot.org"",""Permissions"":[""delete"",""add"",""view""]}"
239,2,2,"{""CompanyName"":""Hagenes-Padberg"",""RequesterName"":""Sadella Kibbel"",""ApplicantName"":""Norman Cullinan"",""UserName"":""ncullinan13"",""ContactEmail"":""ncullinan13@blogs.com"",""Permissions"":[""add"",""delete"",""view""]}"
240,2,3,"{""CompanyName"":""Willms, Keeling and Gottlieb"",""RequesterName"":""Angel Norville"",""ApplicantName"":""Wade Ludee"",""UserName"":""wludee14"",""ContactEmail"":""wludee14@admin.ch"",""Permissions"":[""delete"",""view"",""update""]}"
241,2,2,"{""CompanyName"":""Skiles, Denesik and Green"",""RequesterName"":""Gay Monkman"",""ApplicantName"":""Grantham Pattisson"",""UserName"":""gpattisson15"",""ContactEmail"":""gpattisson15@blogtalkradio.com"",""Permissions"":[""update"",""add"",""view""]}"
242,2,1,"{""CompanyName"":""West, Crona and Hoppe"",""RequesterName"":""Connie Summergill"",""ApplicantName"":""Jacklyn Negus"",""UserName"":""jnegus16"",""ContactEmail"":""jnegus16@amazon.co.jp"",""Permissions"":[""add"",""view"",""update""]}"
243,2,3,"{""CompanyName"":""Kunze and Sons"",""RequesterName"":""Darius Crispin"",""ApplicantName"":""Maxie Pic"",""UserName"":""mpic17"",""ContactEmail"":""mpic17@un.org"",""Permissions"":[""update"",""add"",""delete""]}"
244,2,3,"{""CompanyName"":""Borer-Fahey"",""RequesterName"":""Rolf Wildblood"",""ApplicantName"":""Montgomery Sanja"",""UserName"":""msanja18"",""ContactEmail"":""msanja18@bing.com"",""Permissions"":[""view"",""update"",""add""]}"
245,2,3,"{""CompanyName"":""Gorczany and Sons"",""RequesterName"":""Seymour Elfleet"",""ApplicantName"":""Marsha Eccleston"",""UserName"":""meccleston19"",""ContactEmail"":""meccleston19@wsj.com"",""Permissions"":[""view"",""add"",""update""]}"
246,2,1,"{""CompanyName"":""Williamson, Kuhic and Pouros"",""RequesterName"":""Brandie Bremner"",""ApplicantName"":""Lorene Waycot"",""UserName"":""lwaycot1a"",""ContactEmail"":""lwaycot1a@opera.com"",""Permissions"":[""view"",""add"",""delete""]}"
247,2,1,"{""CompanyName"":""Jacobson-Tillman"",""RequesterName"":""Norman Kryszkiecicz"",""ApplicantName"":""Kizzie Albinson"",""UserName"":""kalbinson1b"",""ContactEmail"":""kalbinson1b@de.vu"",""Permissions"":[""delete"",""update"",""add""]}"
248,2,1,"{""CompanyName"":""Feil, Yost and Walter"",""RequesterName"":""Granger Nelligan"",""ApplicantName"":""Sabine Vales"",""UserName"":""svales1c"",""ContactEmail"":""svales1c@about.me"",""Permissions"":[""add"",""view"",""update""]}"
249,2,1,"{""CompanyName"":""Gerlach and Sons"",""RequesterName"":""Ariella Waple"",""ApplicantName"":""Catharine Dinesen"",""UserName"":""cdinesen1d"",""ContactEmail"":""cdinesen1d@blogs.com"",""Permissions"":[""view"",""delete"",""add""]}"
250,2,3,"{""CompanyName"":""Dickens Group"",""RequesterName"":""Karleen Trusler"",""ApplicantName"":""Nicko Daal"",""UserName"":""ndaal1e"",""ContactEmail"":""ndaal1e@telegraph.co.uk"",""Permissions"":[""view"",""delete"",""add""]}"
251,3,3,"{""CompanyName"":""Botsford LLC"",""InspectionDate"":""14/7/2023"",""InspectionTime"":""9:48 PM"",""InspectionType"":""renew""}"
252,3,3,"{""CompanyName"":""Kunze Group"",""InspectionDate"":""10/5/2023"",""InspectionTime"":""6:49 PM"",""InspectionType"":""check""}"
253,3,3,"{""CompanyName"":""Rath, Beatty and Volkman"",""InspectionDate"":""2/4/2023"",""InspectionTime"":""12:04 PM"",""InspectionType"":""update""}"
254,3,3,"{""CompanyName"":""Boyer, McClure and Stroman"",""InspectionDate"":""21/1/2023"",""InspectionTime"":""8:27 PM"",""InspectionType"":""update""}"
255,3,1,"{""CompanyName"":""Marvin LLC"",""InspectionDate"":""1/12/2022"",""InspectionTime"":""3:18 AM"",""InspectionType"":""update""}"
256,3,3,"{""CompanyName"":""Koelpin, Torphy and Koepp"",""InspectionDate"":""18/10/2022"",""InspectionTime"":""7:21 PM"",""InspectionType"":""renew""}"
257,3,3,"{""CompanyName"":""Connelly LLC"",""InspectionDate"":""19/6/2023"",""InspectionTime"":""9:12 PM"",""InspectionType"":""renew""}"
258,3,1,"{""CompanyName"":""Heidenreich-Lesch"",""InspectionDate"":""19/4/2023"",""InspectionTime"":""2:46 PM"",""InspectionType"":""check""}"
259,3,2,"{""CompanyName"":""Schneider Group"",""InspectionDate"":""17/6/2023"",""InspectionTime"":""6:55 PM"",""InspectionType"":""update""}"
260,3,2,"{""CompanyName"":""Roob Inc"",""InspectionDate"":""25/10/2022"",""InspectionTime"":""6:38 PM"",""InspectionType"":""check""}"
261,3,1,"{""CompanyName"":""Russel-Graham"",""InspectionDate"":""3/10/2023"",""InspectionTime"":""1:03 PM"",""InspectionType"":""new""}"
262,3,3,"{""CompanyName"":""Pollich and Sons"",""InspectionDate"":""9/10/2023"",""InspectionTime"":""10:18 AM"",""InspectionType"":""renew""}"
263,3,2,"{""CompanyName"":""Davis Inc"",""InspectionDate"":""4/6/2023"",""InspectionTime"":""8:45 PM"",""InspectionType"":""update""}"
264,3,3,"{""CompanyName"":""Kihn LLC"",""InspectionDate"":""8/1/2023"",""InspectionTime"":""7:24 PM"",""InspectionType"":""new""}"
265,3,2,"{""CompanyName"":""Parisian-Hansen"",""InspectionDate"":""13/12/2022"",""InspectionTime"":""11:26 PM"",""InspectionType"":""new""}"
266,3,1,"{""CompanyName"":""Reichert, Huels and Daniel"",""InspectionDate"":""9/5/2023"",""InspectionTime"":""4:17 PM"",""InspectionType"":""check""}"
267,3,2,"{""CompanyName"":""Schumm-Stracke"",""InspectionDate"":""7/6/2023"",""InspectionTime"":""11:26 PM"",""InspectionType"":""check""}"
268,3,1,"{""CompanyName"":""Hermann-Weimann"",""InspectionDate"":""16/6/2023"",""InspectionTime"":""6:10 PM"",""InspectionType"":""renew""}"
269,3,3,"{""CompanyName"":""Reichert, Leannon and Schamberger"",""InspectionDate"":""23/10/2022"",""InspectionTime"":""4:15 PM"",""InspectionType"":""check""}"
270,3,1,"{""CompanyName"":""Koss and Sons"",""InspectionDate"":""23/3/2023"",""InspectionTime"":""11:37 AM"",""InspectionType"":""check""}"
271,3,2,"{""CompanyName"":""Mitchell Group"",""InspectionDate"":""4/2/2023"",""InspectionTime"":""2:48 AM"",""InspectionType"":""new""}"
272,3,3,"{""CompanyName"":""Homenick Group"",""InspectionDate"":""22/4/2023"",""InspectionTime"":""1:05 PM"",""InspectionType"":""renew""}"
273,3,2,"{""CompanyName"":""Fadel-O'Hara"",""InspectionDate"":""5/11/2022"",""InspectionTime"":""1:20 PM"",""InspectionType"":""update""}"
274,4,1,"{""CompanyName"":""Schumm, Bogan and Carroll"",""LicenceID"":""ce21f5e3-4110-4052-9305-9330f79f7c1c"",""Activities"":[""laundry"",""retail""]}"
275,4,3,"{""CompanyName"":""O'Keefe Inc"",""LicenceID"":""8f14fa1b-d5ff-45fe-9532-11ca53ef9704"",""Activities"":[""laundry"",""real estate""]}"
276,4,1,"{""CompanyName"":""Renner, Bechtelar and Kreiger"",""LicenceID"":""a9be0323-a990-430d-95ac-928e9e0578f1"",""Activities"":[""real estate"",""laundry""]}"
277,4,3,"{""CompanyName"":""Wolff, Kuvalis and Turner"",""LicenceID"":""25f314f4-76d7-465d-a0dc-c487d165e106"",""Activities"":[""outlet"",""laundry""]}"
278,4,3,"{""CompanyName"":""Paucek-Bednar"",""LicenceID"":""9f6ace74-73dd-486a-90cd-3d34fc152bd7"",""Activities"":[""store"",""retail""]}"
279,4,3,"{""CompanyName"":""Franecki-Schaden"",""LicenceID"":""d19f0552-7e0c-48ca-84e5-eeb6786aa3ac"",""Activities"":[""retail"",""store""]}"
280,4,2,"{""CompanyName"":""Herzog-Sawayn"",""LicenceID"":""af918a11-4b26-402f-abcc-38e1f001583c"",""Activities"":[""real estate"",""laundry""]}"
281,4,2,"{""CompanyName"":""Shields, Luettgen and Anderson"",""LicenceID"":""c425b427-ec30-4fa3-981f-b3d0ba268fc8"",""Activities"":[""real estate"",""laundry""]}"
282,4,3,"{""CompanyName"":""Brown Inc"",""LicenceID"":""07d70177-911d-4634-844c-a76330719050"",""Activities"":[""outlet"",""real estate""]}"
283,4,1,"{""CompanyName"":""O'Kon Group"",""LicenceID"":""c63d238a-51aa-45e3-9e47-94b1160d9b5a"",""Activities"":[""retail"",""outlet""]}"
284,4,2,"{""CompanyName"":""Reichert, Cummerata and Stiedemann"",""LicenceID"":""4e80c1ce-8060-48ef-a9ba-1af9e8615711"",""Activities"":[""outlet"",""real estate""]}"
285,4,3,"{""CompanyName"":""Zboncak, Kuvalis and Fay"",""LicenceID"":""5979963e-9ba2-4c91-bf3a-25113daac1d6"",""Activities"":[""retail"",""real estate""]}"
286,4,2,"{""CompanyName"":""Ankunding Group"",""LicenceID"":""08372fb4-735c-46aa-a9b3-123d44042e1c"",""Activities"":[""laundry"",""retail""]}"
287,4,3,"{""CompanyName"":""Okuneva, Daniel and Kunde"",""LicenceID"":""c9173dbf-dd66-4106-8b40-6b51b44048de"",""Activities"":[""retail"",""real estate""]}"
288,4,1,"{""CompanyName"":""Botsford, Cummerata and Goodwin"",""LicenceID"":""ceb21daf-3334-4ed7-9d2e-38ca05676769"",""Activities"":[""outlet"",""real estate""]}"
289,4,2,"{""CompanyName"":""Pfannerstill, Collins and Cremin"",""LicenceID"":""c55d8b2d-633a-43b8-bf75-5dc8daa39b3a"",""Activities"":[""real estate"",""outlet""]}"
290,4,2,"{""CompanyName"":""Runolfsson, Funk and Hettinger"",""LicenceID"":""5965866d-1c16-4d9e-a98d-75e8b6ec74c5"",""Activities"":[""outlet"",""store""]}"
291,4,2,"{""CompanyName"":""Ziemann-Homenick"",""LicenceID"":""bd6a26c3-ed60-468a-bb72-2d72559b6ec1"",""Activities"":[""store"",""real estate""]}"
292,4,1,"{""CompanyName"":""Walter, Brekke and Kozey"",""LicenceID"":""67c5db0f-a2e4-4f6e-9f45-cfdb6f671694"",""Activities"":[""outlet"",""laundry""]}"
293,4,2,"{""CompanyName"":""Conn-Bruen"",""LicenceID"":""ce0d22be-8692-432b-8c76-345ee1f85084"",""Activities"":[""retail"",""store""]}"
294,4,2,"{""CompanyName"":""Deckow and Sons"",""LicenceID"":""03e5679e-359f-403e-ab80-91f8d7560696"",""Activities"":[""retail"",""laundry""]}"
295,4,1,"{""CompanyName"":""Hudson, Bogisich and Herman"",""LicenceID"":""cb57e293-401e-4e61-b038-3e0f66493a40"",""Activities"":[""laundry"",""outlet""]}"
296,4,3,"{""CompanyName"":""Johns, Jones and Greenholt"",""LicenceID"":""9e2d3812-842a-4ffe-ae7b-a41c92cebaef"",""Activities"":[""store"",""real estate""]}"
297,4,3,"{""CompanyName"":""Brekke-Reynolds"",""LicenceID"":""0f5b1e21-0dc8-4258-8e40-03bcb856279f"",""Activities"":[""retail"",""store""]}"
298,4,3,"{""CompanyName"":""Swaniawski Group"",""LicenceID"":""1f796d08-dc16-4cac-93a5-d99729dd1be3"",""Activities"":[""store"",""laundry""]}"
299,4,2,"{""CompanyName"":""Flatley-Mayer"",""LicenceID"":""7bcdfa93-bc0b-4d81-ad42-3a7c98cd74f5"",""Activities"":[""outlet"",""real estate""]}"
300,4,2,"{""CompanyName"":""Murazik-Gerhold"",""LicenceID"":""d9b0b304-c88e-409f-8677-1a22bb38ade3"",""Activities"":[""retail"",""real estate""]}"
301,4,2,"{""CompanyName"":""Larson-Thiel"",""LicenceID"":""fb0ce890-f973-4972-b3c4-74abbb8131b4"",""Activities"":[""outlet"",""store""]}"
302,4,3,"{""CompanyName"":""Barrows-Boyle"",""LicenceID"":""91db85bc-6222-4ac0-b00e-9119604caef1"",""Activities"":[""outlet"",""store""]}"
303,4,1,"{""CompanyName"":""Auer-Corkery"",""LicenceID"":""b66266da-8a79-4a5b-ad2d-d21faae9a141"",""Activities"":[""store"",""retail""]}"
304,4,3,"{""CompanyName"":""Zulauf and Sons"",""LicenceID"":""6740f11d-30bf-4168-8bef-85487c0f2a06"",""Activities"":[""real estate"",""retail""]}"
305,4,3,"{""CompanyName"":""Pagac-Schneider"",""LicenceID"":""880a413b-b58c-4f66-a94c-2f957ecc3864"",""Activities"":[""store"",""retail""]}"
306,4,1,"{""CompanyName"":""Ullrich Group"",""LicenceID"":""71fc3c18-f0f6-4be8-bd38-89abc1b88006"",""Activities"":[""store"",""retail""]}"
307,4,3,"{""CompanyName"":""Bailey, Cummerata and Bogisich"",""LicenceID"":""37cfc379-213d-4794-ac49-68b002f21170"",""Activities"":[""retail"",""laundry""]}"
308,4,3,"{""CompanyName"":""Lueilwitz, Baumbach and Senger"",""LicenceID"":""1a084b22-7f48-41d2-9409-05440df855a8"",""Activities"":[""real estate"",""retail""]}"
309,4,1,"{""CompanyName"":""Schinner LLC"",""LicenceID"":""b7b1f414-fb64-4353-bc1c-e89d73527dc8"",""Activities"":[""real estate"",""store""]}"
310,4,3,"{""CompanyName"":""Stokes LLC"",""LicenceID"":""77a80859-e5f4-4010-a910-ddb5f84e9ba3"",""Activities"":[""outlet"",""retail""]}"
311,4,1,"{""CompanyName"":""Walter Group"",""LicenceID"":""7638dbaa-0993-4530-b488-260bc2efcb80"",""Activities"":[""laundry"",""retail""]}"
312,4,2,"{""CompanyName"":""Crona-Fahey"",""LicenceID"":""5237068b-0786-4e86-9748-58865ced4529"",""Activities"":[""real estate"",""laundry""]}"
313,4,2,"{""CompanyName"":""O'Kon LLC"",""LicenceID"":""cd702056-aa14-415f-806f-b129b7e58da5"",""Activities"":[""laundry"",""store""]}"
314,4,3,"{""CompanyName"":""Zulauf LLC"",""LicenceID"":""fe91613f-85f4-4f7d-8763-4d1327fd3af4"",""Activities"":[""store"",""laundry""]}"
315,4,1,"{""CompanyName"":""Bartoletti-Weber"",""LicenceID"":""db3f0a16-14ce-41e8-b965-5dbcbd84be30"",""Activities"":[""store"",""outlet""]}"
316,4,2,"{""CompanyName"":""Harris-Bergstrom"",""LicenceID"":""6b53465d-3559-4d32-b795-18b15d35af33"",""Activities"":[""retail"",""laundry""]}"
317,4,1,"{""CompanyName"":""Nicolas-Kling"",""LicenceID"":""c539b3e4-1704-4ef5-93ed-1f4fee971d96"",""Activities"":[""laundry"",""retail""]}"
318,4,2,"{""CompanyName"":""Funk-Hirthe"",""LicenceID"":""1095347c-8336-473d-a467-e00b8f7c8f8c"",""Activities"":[""real estate"",""store""]}"
319,4,1,"{""CompanyName"":""Swaniawski Group"",""LicenceID"":""590ccf1b-905d-4b37-a28c-8cd35ddad7bc"",""Activities"":[""store"",""laundry""]}"
320,4,1,"{""CompanyName"":""O'Hara and Sons"",""LicenceID"":""41c307e0-c666-41d9-b373-38265c5157ff"",""Activities"":[""retail"",""outlet""]}"
321,4,3,"{""CompanyName"":""Nader, Marks and Lemke"",""LicenceID"":""0369f344-a7a8-40ab-bad2-9bb1f175b153"",""Activities"":[""retail"",""outlet""]}"
322,4,1,"{""CompanyName"":""Schmidt and Sons"",""LicenceID"":""c16c63a5-460e-4f10-9774-51433308e3a5"",""Activities"":[""real estate"",""store""]}"
323,4,1,"{""CompanyName"":""Runolfsdottir, Wisoky and Hyatt"",""LicenceID"":""23ef63f7-18f1-4364-a6cb-da229e4065ba"",""Activities"":[""laundry"",""store""]}"
324,4,2,"{""CompanyName"":""Parisian LLC"",""LicenceID"":""d7dbd1e6-cd78-4e04-970f-2ab9fd6de515"",""Activities"":[""store"",""real estate""]}"
325,4,1,"{""CompanyName"":""Daugherty-Schoen"",""LicenceID"":""448d8715-8dd2-4c9e-b637-68e4eddf0cdb"",""Activities"":[""laundry"",""retail""]}"
326,4,2,"{""CompanyName"":""VonRueden-Corwin"",""LicenceID"":""f3547ae0-9117-4142-84d0-16cb17b10767"",""Activities"":[""real estate"",""retail""]}"
327,4,1,"{""CompanyName"":""Olson, Moore and Kertzmann"",""LicenceID"":""14ec9f0e-1b54-419b-bc27-6d54c0774dd6"",""Activities"":[""store"",""real estate""]}"
328,4,3,"{""CompanyName"":""Breitenberg-Bergstrom"",""LicenceID"":""56a28b2b-c510-47e0-91c7-cdb98868ba79"",""Activities"":[""real estate"",""laundry""]}"
329,4,2,"{""CompanyName"":""Jenkins-Hegmann"",""LicenceID"":""fedde50b-8166-4b5c-be39-11740b06514f"",""Activities"":[""store"",""laundry""]}"
330,4,1,"{""CompanyName"":""Anderson Group"",""LicenceID"":""dc3a96b7-85bf-48cf-a356-766f0dff7f67"",""Activities"":[""outlet"",""laundry""]}"
331,4,1,"{""CompanyName"":""Daugherty-Morar"",""LicenceID"":""6a6d7f23-7929-467d-90a5-3d6f57ed159e"",""Activities"":[""outlet"",""laundry""]}"
332,4,2,"{""CompanyName"":""Jenkins and Sons"",""LicenceID"":""115543ab-2a9b-4bb3-8e8d-bd7bd0e8d06c"",""Activities"":[""outlet"",""retail""]}"
333,4,2,"{""CompanyName"":""Abbott Inc"",""LicenceID"":""a4e13096-aebe-48a9-be41-beb02d191431"",""Activities"":[""store"",""real estate""]}"
334,4,3,"{""CompanyName"":""Cruickshank LLC"",""LicenceID"":""1f6048de-8d4a-47b7-a798-f56ecb35dc67"",""Activities"":[""laundry"",""outlet""]}"
335,4,3,"{""CompanyName"":""Kshlerin Group"",""LicenceID"":""846f593b-deea-4458-abdf-289ac5f2442f"",""Activities"":[""outlet"",""store""]}"
336,4,1,"{""CompanyName"":""Rosenbaum LLC"",""LicenceID"":""4b35bda1-3a52-4b29-b169-38155033e94f"",""Activities"":[""retail"",""outlet""]}"
337,4,2,"{""CompanyName"":""Sawayn and Sons"",""LicenceID"":""a40e0527-20e1-42d6-9bec-4ca608324188"",""Activities"":[""store"",""laundry""]}"
338,4,3,"{""CompanyName"":""Parker-Pollich"",""LicenceID"":""805ef5b0-f1e6-4969-a9fe-d0fe785c978a"",""Activities"":[""retail"",""outlet""]}"
339,4,1,"{""CompanyName"":""O'Hara LLC"",""LicenceID"":""d15d643f-2804-4df9-aa05-e567b1da61db"",""Activities"":[""outlet"",""real estate""]}"
340,4,3,"{""CompanyName"":""Torp Inc"",""LicenceID"":""eaaaf054-bf89-43c1-9e17-c0228b21b12f"",""Activities"":[""real estate"",""retail""]}"
341,4,1,"{""CompanyName"":""Lynch Inc"",""LicenceID"":""2598e1a8-201f-4c2d-a75a-526025c4032d"",""Activities"":[""laundry"",""retail""]}"
342,4,1,"{""CompanyName"":""Wunsch, Koepp and Marquardt"",""LicenceID"":""e3732f54-5ee5-4f5c-89d2-2e8c368b867d"",""Activities"":[""store"",""real estate""]}"
343,4,1,"{""CompanyName"":""Langosh and Sons"",""LicenceID"":""ea8db35e-3172-4a56-a3cd-91e13ff5ad4f"",""Activities"":[""real estate"",""outlet""]}"
344,4,3,"{""CompanyName"":""Schoen, Larkin and Effertz"",""LicenceID"":""757dc0d1-5242-4da0-a6a3-ded5b7e50747"",""Activities"":[""store"",""real estate""]}"
345,4,3,"{""CompanyName"":""Herman Inc"",""LicenceID"":""d8850a8c-2091-4d60-8a0b-fcca2ac10f0a"",""Activities"":[""laundry"",""real estate""]}"
346,4,2,"{""CompanyName"":""Turner, Marks and Medhurst"",""LicenceID"":""b383a219-cae4-4325-a6bc-30a38ed173f1"",""Activities"":[""laundry"",""real estate""]}"
347,4,3,"{""CompanyName"":""Bradtke-Gusikowski"",""LicenceID"":""464d16af-3254-41a0-9856-e0e3a3afb6b2"",""Activities"":[""store"",""real estate""]}"
348,4,1,"{""CompanyName"":""DuBuque, Pacocha and Kutch"",""LicenceID"":""de7a809a-30e4-4b90-a9b8-2eda382ebf8f"",""Activities"":[""retail"",""store""]}"
349,4,3,"{""CompanyName"":""Goodwin Group"",""LicenceID"":""b4a180e1-b6af-4173-a1ee-44726ac02154"",""Activities"":[""outlet"",""retail""]}"
350,4,1,"{""CompanyName"":""Luettgen Inc"",""LicenceID"":""2ffbd2b1-6534-4857-99b9-50caea2863c3"",""Activities"":[""real estate"",""retail""]}"
351,4,3,"{""CompanyName"":""DuBuque-Waters"",""LicenceID"":""224ae65d-bd2e-4574-9c38-40aa940bcb8d"",""Activities"":[""retail"",""laundry""]}"
352,4,1,"{""CompanyName"":""McDermott, Strosin and VonRueden"",""LicenceID"":""89ab2de2-a027-4b32-97e4-8c13b6b6e4ab"",""Activities"":[""real estate"",""laundry""]}"
353,4,3,"{""CompanyName"":""Kuhlman, Prosacco and Corwin"",""LicenceID"":""bd19d799-41ff-4c6c-8691-418ee6ac0194"",""Activities"":[""outlet"",""real estate""]}"
354,4,2,"{""CompanyName"":""Nitzsche LLC"",""LicenceID"":""b1563627-b62e-4d65-8ee2-4999dd8fb0aa"",""Activities"":[""laundry"",""retail""]}"
355,4,1,"{""CompanyName"":""Veum, Rath and Konopelski"",""LicenceID"":""2efd7de0-83e3-4fcd-a779-6d77b38783ce"",""Activities"":[""laundry"",""outlet""]}"
356,4,2,"{""CompanyName"":""Williamson, Prosacco and Bode"",""LicenceID"":""b6e6594f-f046-4f62-b831-b77e80168c56"",""Activities"":[""store"",""outlet""]}"
357,4,2,"{""CompanyName"":""Wunsch, Murphy and Quitzon"",""LicenceID"":""8ddfbd4a-39c4-4b82-b6c9-305e51e398ab"",""Activities"":[""real estate"",""laundry""]}"
358,4,1,"{""CompanyName"":""Hermann Inc"",""LicenceID"":""902bfbc0-2c31-4a23-a1d9-aa6a5cafc242"",""Activities"":[""laundry"",""store""]}"
359,4,1,"{""CompanyName"":""Swaniawski-Kohler"",""LicenceID"":""a6b6e79c-69db-4dbd-8bdc-b6056118125e"",""Activities"":[""real estate"",""retail""]}"
360,4,2,"{""CompanyName"":""Blick, Hessel and Herzog"",""LicenceID"":""1071ec9a-6393-4968-acf1-fee996b3af2c"",""Activities"":[""laundry"",""real estate""]}"
361,4,3,"{""CompanyName"":""Williamson LLC"",""LicenceID"":""9c95b080-46f9-41a1-ba96-517d070e9062"",""Activities"":[""store"",""laundry""]}"
362,4,2,"{""CompanyName"":""Lang Group"",""LicenceID"":""184b1188-77da-49a3-9038-143b7a349452"",""Activities"":[""real estate"",""outlet""]}"
363,4,1,"{""CompanyName"":""Feest LLC"",""LicenceID"":""4f53257d-2022-4eb8-9094-28789b49dfed"",""Activities"":[""real estate"",""laundry""]}"
364,4,2,"{""CompanyName"":""Terry and Sons"",""LicenceID"":""a7feec5c-1b55-4271-9db5-220764221b7e"",""Activities"":[""real estate"",""store""]}"
365,4,2,"{""CompanyName"":""Ferry, Shields and Tromp"",""LicenceID"":""78ff70a8-50c5-40a0-8cdd-23721383618c"",""Activities"":[""outlet"",""store""]}"
366,4,1,"{""CompanyName"":""Koelpin Group"",""LicenceID"":""1ff8fa89-cc9a-48b5-8cbb-d49d7cd7442b"",""Activities"":[""real estate"",""outlet""]}"
367,4,3,"{""CompanyName"":""Mante, Brakus and Sauer"",""LicenceID"":""176d0480-d11e-46b1-9a49-5d9890e33307"",""Activities"":[""laundry"",""real estate""]}"
368,4,2,"{""CompanyName"":""Tremblay-Sporer"",""LicenceID"":""c9a15c6e-ef53-4a57-ad3e-8c2efd5dc8b4"",""Activities"":[""outlet"",""laundry""]}"
369,4,1,"{""CompanyName"":""Walker, Wiegand and Powlowski"",""LicenceID"":""a75ff951-84d3-4dd0-8309-bef97fe42e15"",""Activities"":[""retail"",""store""]}"
370,4,2,"{""CompanyName"":""Frami, Hodkiewicz and Doyle"",""LicenceID"":""a1ad9857-b2c7-44ed-b4a2-e595a2f94df1"",""Activities"":[""store"",""real estate""]}"
371,4,3,"{""CompanyName"":""Herman, Streich and Hintz"",""LicenceID"":""6ac17c1c-dcbe-4739-b7b1-47fff09fdd84"",""Activities"":[""outlet"",""laundry""]}"
372,4,2,"{""CompanyName"":""Marks-Rempel"",""LicenceID"":""8759f345-804b-4556-ba2f-d15a95c60b00"",""Activities"":[""laundry"",""outlet""]}"
373,4,3,"{""CompanyName"":""Langosh-Cole"",""LicenceID"":""e670cdf0-1bea-4bad-8389-465446adbcb5"",""Activities"":[""store"",""retail""]}"
374,4,3,"{""CompanyName"":""Crona, Lindgren and Purdy"",""LicenceID"":""16519457-f512-451a-ac0d-aa5e30357766"",""Activities"":[""retail"",""store""]}"
375,4,3,"{""CompanyName"":""Padberg, Feil and Frami"",""LicenceID"":""b9c5a84b-ac3a-4a2f-8498-086fc3835944"",""Activities"":[""retail"",""laundry""]}"
376,4,2,"{""CompanyName"":""Crooks and Sons"",""LicenceID"":""9a9c1770-cf46-410d-aa86-da55cd573e89"",""Activities"":[""store"",""retail""]}"
377,4,1,"{""CompanyName"":""Kub-Ritchie"",""LicenceID"":""a6439f2d-f689-4acd-b366-a865d8f1d330"",""Activities"":[""laundry"",""outlet""]}"
378,4,3,"{""CompanyName"":""Christiansen Inc"",""LicenceID"":""932a634f-bbac-496f-8245-4f5dd327ed2c"",""Activities"":[""laundry"",""retail""]}"
379,4,2,"{""CompanyName"":""Ankunding LLC"",""LicenceID"":""ad42bd24-f977-472a-a31e-168432ad3407"",""Activities"":[""laundry"",""outlet""]}"
380,4,3,"{""CompanyName"":""Kuhlman-Schuster"",""LicenceID"":""8ad62e32-9a7c-42ee-8a89-46753f08d869"",""Activities"":[""store"",""laundry""]}"
381,4,1,"{""CompanyName"":""Collins, Goldner and Jenkins"",""LicenceID"":""1520a1c8-3c65-4417-9420-89ff9ad259f4"",""Activities"":[""outlet"",""store""]}"
382,4,1,"{""CompanyName"":""Mann-Schulist"",""LicenceID"":""87b250bb-d0a4-4947-ba7b-d9b77d9029a0"",""Activities"":[""real estate"",""retail""]}"
383,4,1,"{""CompanyName"":""Renner Inc"",""LicenceID"":""1bc886d3-2f31-4d91-b855-c9fe9949dfe9"",""Activities"":[""laundry"",""outlet""]}"
384,4,2,"{""CompanyName"":""Cassin, Lesch and Prosacco"",""LicenceID"":""e8b22474-1477-462c-9d0d-7c36a350e122"",""Activities"":[""real estate"",""outlet""]}"
385,4,1,"{""CompanyName"":""Lemke and Sons"",""LicenceID"":""7086bb36-c24d-4ad3-9be7-0b4af52b89ef"",""Activities"":[""retail"",""real estate""]}"
386,4,1,"{""CompanyName"":""Parker, Rowe and Thompson"",""LicenceID"":""6b25a93a-6a48-4cdb-9517-41df78451f93"",""Activities"":[""outlet"",""real estate""]}"
387,4,2,"{""CompanyName"":""Walter LLC"",""LicenceID"":""19427dc0-2671-4b78-be78-c1d516831ac7"",""Activities"":[""outlet"",""retail""]}"
388,4,3,"{""CompanyName"":""Jacobson, Tromp and Spencer"",""LicenceID"":""b6e17b42-4b1e-46a0-95bc-2006fa399ca2"",""Activities"":[""store"",""outlet""]}"
389,4,2,"{""CompanyName"":""Windler, Larson and Lakin"",""LicenceID"":""5d08d478-1f6c-40e0-b8db-593b7c04f91b"",""Activities"":[""outlet"",""store""]}"
390,4,1,"{""CompanyName"":""Grant-Rogahn"",""LicenceID"":""e574ecf5-4bd4-472d-acd0-ff2546c4c8e9"",""Activities"":[""real estate"",""store""]}"
391,4,3,"{""CompanyName"":""Kertzmann Group"",""LicenceID"":""9b7f9ff8-1b52-49dc-9852-077f0f22b6b7"",""Activities"":[""store"",""retail""]}"
392,4,3,"{""CompanyName"":""Hagenes Inc"",""LicenceID"":""64e79f1a-a065-4d35-94a5-eb739d1ce9ba"",""Activities"":[""real estate"",""outlet""]}"
393,4,2,"{""CompanyName"":""Heidenreich-Schmeler"",""LicenceID"":""4fbc18d4-0850-4a79-9792-3e42754de90b"",""Activities"":[""store"",""laundry""]}"
394,4,3,"{""CompanyName"":""Gorczany and Sons"",""LicenceID"":""3ce982f2-ec40-4142-943c-a8692aee28a5"",""Activities"":[""real estate"",""laundry""]}"
395,4,3,"{""CompanyName"":""Thiel Group"",""LicenceID"":""e8bd2f70-4fc7-42cb-8992-f92720cb5eee"",""Activities"":[""real estate"",""retail""]}"
396,4,1,"{""CompanyName"":""Hoppe Group"",""LicenceID"":""4f738b74-4e06-4896-b12b-cecdb38fa570"",""Activities"":[""store"",""real estate""]}"
397,4,1,"{""CompanyName"":""Ritchie Inc"",""LicenceID"":""167a1805-30ae-437e-bd15-fa5afa069f15"",""Activities"":[""retail"",""laundry""]}"
398,4,2,"{""CompanyName"":""Paucek, Labadie and Jacobs"",""LicenceID"":""6c618bb9-5869-45d1-87ff-f1b4ce6be7b7"",""Activities"":[""real estate"",""store""]}"
399,4,2,"{""CompanyName"":""Schmidt Group"",""LicenceID"":""9dff3b7f-2b9a-4fc3-a7f4-ab1b3d902da7"",""Activities"":[""store"",""retail""]}"
400,4,2,"{""CompanyName"":""Hudson-Collier"",""LicenceID"":""189cc94c-eb03-4877-9360-11274c6e7f5b"",""Activities"":[""laundry"",""retail""]}"
401,4,1,"{""CompanyName"":""Dickens LLC"",""LicenceID"":""2a21fb65-73db-4361-b26b-5dc7e0448d92"",""Activities"":[""laundry"",""outlet""]}"
402,4,3,"{""CompanyName"":""Moore, Wolff and Murphy"",""LicenceID"":""f86f9cf0-99d7-43e5-942f-a3b5a554b928"",""Activities"":[""outlet"",""real estate""]}"
403,4,3,"{""CompanyName"":""Toy, Rolfson and Stanton"",""LicenceID"":""b4f2b9b4-bd36-4116-8aa2-7c065bd6cc66"",""Activities"":[""store"",""laundry""]}"
404,4,1,"{""CompanyName"":""Sawayn-O'Connell"",""LicenceID"":""0c826cd7-371d-461f-ad5d-383777d79a59"",""Activities"":[""real estate"",""laundry""]}"
405,4,1,"{""CompanyName"":""Kshlerin Group"",""LicenceID"":""e7b66ae9-362f-4e1c-b39b-5fb3e169b9a3"",""Activities"":[""store"",""outlet""]}"
406,4,3,"{""CompanyName"":""Towne-Walsh"",""LicenceID"":""7da717a8-9112-4177-b0ec-22ac2672d7c8"",""Activities"":[""real estate"",""store""]}"
407,4,3,"{""CompanyName"":""Anderson-Leffler"",""LicenceID"":""8c40e98a-9c93-45a1-9314-7b1bd0240f2e"",""Activities"":[""real estate"",""retail""]}"
408,4,3,"{""CompanyName"":""Hand-Kiehn"",""LicenceID"":""7782a3ba-f377-4bc9-910a-399fc506a3a8"",""Activities"":[""real estate"",""retail""]}"
409,4,2,"{""CompanyName"":""Emard, Hand and Renner"",""LicenceID"":""fd3450fa-47af-4d74-9f91-f14bbd5b7dae"",""Activities"":[""real estate"",""outlet""]}"
410,4,3,"{""CompanyName"":""Robel and Sons"",""LicenceID"":""f1e9f977-3caf-4bc5-ae16-79d8fe1f2128"",""Activities"":[""store"",""outlet""]}"
411,4,1,"{""CompanyName"":""Hirthe-Ebert"",""LicenceID"":""73b028a9-08b0-479c-9eed-2ccebaaaf99d"",""Activities"":[""store"",""retail""]}"
412,4,1,"{""CompanyName"":""Schulist-Satterfield"",""LicenceID"":""e2770186-1ea4-4b22-b4b1-fcd117fc1a64"",""Activities"":[""real estate"",""outlet""]}"
413,4,1,"{""CompanyName"":""Schowalter Inc"",""LicenceID"":""9893b67c-6f55-439a-8a26-695a8801ce7f"",""Activities"":[""store"",""retail""]}"
414,4,3,"{""CompanyName"":""Raynor-Rau"",""LicenceID"":""15c34737-c68c-4070-87af-0f9d8be6e689"",""Activities"":[""store"",""retail""]}"
415,4,1,"{""CompanyName"":""Fritsch Inc"",""LicenceID"":""f09739b1-2275-4a1c-a64f-738021672717"",""Activities"":[""outlet"",""store""]}"
416,4,1,"{""CompanyName"":""Leuschke, Murazik and Lubowitz"",""LicenceID"":""45ab6870-0723-4abb-9211-14449235c551"",""Activities"":[""outlet"",""real estate""]}"
417,4,3,"{""CompanyName"":""Stiedemann, Hand and Mosciski"",""LicenceID"":""c914d4fc-d35d-4b6d-878c-2a6269ce98e6"",""Activities"":[""real estate"",""laundry""]}"
418,4,1,"{""CompanyName"":""Schoen-Rutherford"",""LicenceID"":""da993d3b-88f6-4e0a-8bd2-06b3dcc5674e"",""Activities"":[""outlet"",""real estate""]}"
419,4,2,"{""CompanyName"":""Goldner and Sons"",""LicenceID"":""593d3ca0-4068-49f9-bd9e-3cf6eb1fe342"",""Activities"":[""retail"",""store""]}"
420,4,2,"{""CompanyName"":""Conroy, Bechtelar and Wolf"",""LicenceID"":""07a2ea8c-324f-471c-b9c4-178d43e11533"",""Activities"":[""outlet"",""laundry""]}"
421,4,2,"{""CompanyName"":""Harber-Kassulke"",""LicenceID"":""e38786f0-7f99-436e-bf7c-45157f4ff494"",""Activities"":[""store"",""real estate""]}"
422,4,1,"{""CompanyName"":""Schmidt-Hills"",""LicenceID"":""b94a9dba-c03e-47fb-b48e-bd137caa4784"",""Activities"":[""laundry"",""retail""]}"
423,4,1,"{""CompanyName"":""Kemmer-Hansen"",""LicenceID"":""70711c3f-e1b6-4bf9-84ca-d4863c2f0f87"",""Activities"":[""outlet"",""real estate""]}"
424,4,3,"{""CompanyName"":""Greenfelder, Quigley and Muller"",""LicenceID"":""d15c5ae9-b110-4e59-93c4-855fb6f8ff79"",""Activities"":[""store"",""real estate""]}"
425,4,1,"{""CompanyName"":""Mitchell-Kuhn"",""LicenceID"":""bfa495dd-11f4-4d02-afcc-d13f02e3f637"",""Activities"":[""store"",""laundry""]}"
426,4,1,"{""CompanyName"":""Ondricka Group"",""LicenceID"":""dc666676-0743-435d-8a79-1a0d78a46967"",""Activities"":[""real estate"",""retail""]}"
427,4,2,"{""CompanyName"":""Shields-Feil"",""LicenceID"":""12fee6e3-0166-4cd7-a720-67b1225daded"",""Activities"":[""outlet"",""store""]}"
428,4,1,"{""CompanyName"":""Hilpert-Dibbert"",""LicenceID"":""96f5aa0f-3084-4a01-a8c4-eba2be725d3b"",""Activities"":[""outlet"",""laundry""]}"
429,4,1,"{""CompanyName"":""Pollich Inc"",""LicenceID"":""33ec3f1b-19f4-4c2e-874b-5b2654f4d020"",""Activities"":[""laundry"",""store""]}"
430,4,2,"{""CompanyName"":""Leffler, Pagac and Mertz"",""LicenceID"":""498b5c3d-824a-4cfc-ad08-218a1c1d36b7"",""Activities"":[""outlet"",""laundry""]}"
431,4,2,"{""CompanyName"":""Brown-Runolfsson"",""LicenceID"":""7b2b0626-1674-4906-b24f-e2613d2e5091"",""Activities"":[""store"",""retail""]}"
432,4,3,"{""CompanyName"":""Emmerich Inc"",""LicenceID"":""2df87b1b-ef94-488c-9ed8-72f2e58dcdd0"",""Activities"":[""store"",""real estate""]}"
433,4,1,"{""CompanyName"":""Erdman-Abshire"",""LicenceID"":""33b4ed08-0327-4b2d-8906-591712e1b436"",""Activities"":[""laundry"",""retail""]}"
434,4,2,"{""CompanyName"":""Bogisich, Langosh and Jacobi"",""LicenceID"":""86997101-1571-4fa3-a322-cf9a0f5461b5"",""Activities"":[""outlet"",""store""]}"
435,4,1,"{""CompanyName"":""Herzog-Altenwerth"",""LicenceID"":""cfb7fa69-60e4-413c-9a71-7689bce8c15f"",""Activities"":[""real estate"",""outlet""]}"
436,4,2,"{""CompanyName"":""Feest, Streich and McLaughlin"",""LicenceID"":""d97bc5bc-5d60-4256-bba8-25fe520fb45e"",""Activities"":[""store"",""outlet""]}"
437,4,3,"{""CompanyName"":""Jaskolski Inc"",""LicenceID"":""48e6f395-c70e-47b1-a98b-6ded7011171f"",""Activities"":[""store"",""laundry""]}"
438,4,3,"{""CompanyName"":""Jones, Gutmann and Torphy"",""LicenceID"":""8c680bf5-2740-4634-bba7-400a0a51e23b"",""Activities"":[""laundry"",""real estate""]}"
439,4,3,"{""CompanyName"":""Wintheiser-Bernier"",""LicenceID"":""2f12cc43-2027-46ce-84f3-28f1c58533a6"",""Activities"":[""real estate"",""retail""]}"
440,4,1,"{""CompanyName"":""Stroman, Armstrong and Reinger"",""LicenceID"":""14688d37-19d0-4558-93da-23e4ec78f2c9"",""Activities"":[""real estate"",""retail""]}"
441,4,1,"{""CompanyName"":""Smitham-Kuhn"",""LicenceID"":""67b1d0f7-4927-4630-b002-a1ac6e8f054d"",""Activities"":[""outlet"",""store""]}"
442,4,2,"{""CompanyName"":""Miller-Shanahan"",""LicenceID"":""0c0d45d7-edb3-491a-aa8e-ddf904e28e4c"",""Activities"":[""real estate"",""retail""]}"
443,4,2,"{""CompanyName"":""Mosciski, Larkin and Reichert"",""LicenceID"":""8828940f-350e-462a-a4d9-3a966811de8f"",""Activities"":[""laundry"",""retail""]}"
444,4,3,"{""CompanyName"":""Cummerata Inc"",""LicenceID"":""7d780c6b-2119-4f35-a828-e48a9448e515"",""Activities"":[""real estate"",""outlet""]}"
445,4,3,"{""CompanyName"":""Grady-Kertzmann"",""LicenceID"":""7470163e-ea51-47fd-99ca-d048ae2c9eff"",""Activities"":[""retail"",""real estate""]}"
446,4,3,"{""CompanyName"":""Waelchi, Wunsch and Rohan"",""LicenceID"":""7b1e3927-872c-427e-a0fc-7b73594a40a9"",""Activities"":[""retail"",""real estate""]}"
447,4,1,"{""CompanyName"":""Welch-Gutkowski"",""LicenceID"":""93fe2475-067e-4212-8682-d824df46c477"",""Activities"":[""real estate"",""laundry""]}"
448,4,3,"{""CompanyName"":""Predovic-Kuhn"",""LicenceID"":""a121571a-8cfd-44ba-841a-b7228ff3b446"",""Activities"":[""store"",""retail""]}"
449,4,2,"{""CompanyName"":""Langworth, Braun and Hodkiewicz"",""LicenceID"":""36b8f364-3dd2-41bc-87dd-5276bdba3a09"",""Activities"":[""outlet"",""laundry""]}"
450,4,1,"{""CompanyName"":""Simonis, Leffler and Schaefer"",""LicenceID"":""86c22d82-27f3-470f-ba77-bd70dafce41c"",""Activities"":[""retail"",""laundry""]}"
451,4,2,"{""CompanyName"":""VonRueden and Sons"",""LicenceID"":""76d0ced1-cf2b-41dc-9a37-871aa31f1212"",""Activities"":[""store"",""outlet""]}"
452,4,2,"{""CompanyName"":""Schuppe-Murphy"",""LicenceID"":""a1704ae1-e029-413d-888d-a34bee9c4297"",""Activities"":[""real estate"",""retail""]}"
453,4,1,"{""CompanyName"":""Littel, Beahan and Hartmann"",""LicenceID"":""5abd4f42-bd4f-4fb2-8270-340acf49c6fc"",""Activities"":[""retail"",""store""]}"
454,4,1,"{""CompanyName"":""Boyer, Hilll and Heller"",""LicenceID"":""9b8a1d8a-f1ce-4e53-97a4-2039449b354d"",""Activities"":[""outlet"",""laundry""]}"
455,4,2,"{""CompanyName"":""Ondricka, O'Hara and Romaguera"",""LicenceID"":""9817e069-7b22-4f57-80ef-87df912cddc0"",""Activities"":[""laundry"",""outlet""]}"
456,4,1,"{""CompanyName"":""Rutherford-Lind"",""LicenceID"":""50921967-ab4d-434a-ba8f-b3f13a8faf57"",""Activities"":[""retail"",""store""]}"
457,4,1,"{""CompanyName"":""Smith, Yost and Abernathy"",""LicenceID"":""11825a2d-6872-4c6a-8877-82328209ee8c"",""Activities"":[""retail"",""laundry""]}"
458,4,2,"{""CompanyName"":""Rempel-Kreiger"",""LicenceID"":""0aaed235-8556-454a-949a-79a7f5054339"",""Activities"":[""laundry"",""outlet""]}"
459,4,3,"{""CompanyName"":""Stanton, Kulas and Rice"",""LicenceID"":""c730d905-c78a-4b12-b0d8-e56b2f2a6df3"",""Activities"":[""laundry"",""real estate""]}"
460,4,2,"{""CompanyName"":""Schulist-Weissnat"",""LicenceID"":""cf2b8829-87e7-4235-8432-7b1715ff9254"",""Activities"":[""laundry"",""outlet""]}"
461,4,3,"{""CompanyName"":""Bogan-Cruickshank"",""LicenceID"":""7e74e7de-1ebd-43b8-b458-25a6535476b8"",""Activities"":[""store"",""real estate""]}"
462,4,3,"{""CompanyName"":""Barrows-Stracke"",""LicenceID"":""9eedf19f-a1cd-46ad-a4d6-3bf051a54f54"",""Activities"":[""store"",""laundry""]}"
463,4,2,"{""CompanyName"":""Dicki, Spinka and Wintheiser"",""LicenceID"":""a97f965b-6c8d-4e08-a0d4-4d3ab23958d7"",""Activities"":[""store"",""outlet""]}"
464,4,1,"{""CompanyName"":""Hills, Abshire and Dietrich"",""LicenceID"":""f4a91a2a-9dbe-4834-843f-647f54f886bb"",""Activities"":[""retail"",""outlet""]}"
465,4,1,"{""CompanyName"":""Homenick-Brekke"",""LicenceID"":""002b695a-adb9-4315-aec1-375d77b36909"",""Activities"":[""real estate"",""retail""]}"
466,4,2,"{""CompanyName"":""Parker-Schamberger"",""LicenceID"":""dcbdcabb-2985-4b3a-9822-30d5c3895c31"",""Activities"":[""outlet"",""laundry""]}"
467,4,1,"{""CompanyName"":""Schumm, Jerde and Tillman"",""LicenceID"":""92926991-6c01-4f56-8c29-6153bba44a03"",""Activities"":[""store"",""real estate""]}"
468,4,1,"{""CompanyName"":""Ernser Inc"",""LicenceID"":""fd35925f-c319-4ab2-b761-b41853a7a34b"",""Activities"":[""real estate"",""laundry""]}"
469,4,2,"{""CompanyName"":""Murazik, Weber and Hickle"",""LicenceID"":""4d9ef025-d1d8-4f1c-b70e-7875e44293dc"",""Activities"":[""laundry"",""retail""]}"
470,4,1,"{""CompanyName"":""Tremblay, Halvorson and Leannon"",""LicenceID"":""fefcf6a3-2f9a-4803-98b7-0a266873c998"",""Activities"":[""real estate"",""retail""]}"
471,4,2,"{""CompanyName"":""Miller, Skiles and Schroeder"",""LicenceID"":""0c23c96b-98da-431a-aeea-7e23e94499c2"",""Activities"":[""outlet"",""retail""]}"
472,4,1,"{""CompanyName"":""Kertzmann-Prohaska"",""LicenceID"":""95a4f6b1-8829-4183-bef2-53c33fcde169"",""Activities"":[""store"",""laundry""]}"
473,4,2,"{""CompanyName"":""Funk-Reilly"",""LicenceID"":""59327527-0909-4cd4-8fc6-6e378fa64fac"",""Activities"":[""retail"",""store""]}"
474,4,3,"{""CompanyName"":""Erdman-Erdman"",""LicenceID"":""9611085c-cb6c-492f-a931-c700465923c1"",""Activities"":[""store"",""real estate""]}"
475,4,1,"{""CompanyName"":""Botsford Inc"",""LicenceID"":""d0db9edc-0883-4135-8b79-1ee01d7e93c7"",""Activities"":[""retail"",""outlet""]}"
476,4,3,"{""CompanyName"":""Zboncak, O'Conner and Hansen"",""LicenceID"":""e3af4760-8f49-4a1c-9c94-9a51691e852e"",""Activities"":[""store"",""outlet""]}"
477,4,2,"{""CompanyName"":""Yost Group"",""LicenceID"":""a1fff69a-7e96-4083-ba3b-86269c604113"",""Activities"":[""outlet"",""store""]}"
478,5,1,"{""CompanyName"":""Ernser, Aufderhar and Runolfsson"",""LicenceID"":""fd47507a-3cda-42c3-ad67-a4a41f86ecae"",""RequestDate"":""10/5/2022""}"
479,5,1,"{""CompanyName"":""Oberbrunner, Hirthe and O'Hara"",""LicenceID"":""4cb65bc7-ba8f-41e9-aabd-20a58fdba8b1"",""RequestDate"":""29/11/2020""}"
480,5,3,"{""CompanyName"":""Shields, Kihn and Feest"",""LicenceID"":""db0ec31a-ba49-4af7-8977-964f9cec123d"",""RequestDate"":""19/10/2022""}"
481,5,3,"{""CompanyName"":""Hermann-Ankunding"",""LicenceID"":""a4d46ae9-dfb1-4125-b6c7-fa9b2030d3db"",""RequestDate"":""3/4/2021""}"
482,5,1,"{""CompanyName"":""Nikolaus-Lowe"",""LicenceID"":""b73488f9-03ea-4c1d-b4ce-1d95497b7587"",""RequestDate"":""3/9/2023""}"
483,5,2,"{""CompanyName"":""Block and Sons"",""LicenceID"":""b040dfcf-7f3d-407c-9d1e-12db182c796b"",""RequestDate"":""24/12/2021""}"
484,5,2,"{""CompanyName"":""Lebsack, Bartoletti and Wiza"",""LicenceID"":""b48fa290-b899-4d96-ad65-978aa56144f5"",""RequestDate"":""7/5/2021""}"
485,5,2,"{""CompanyName"":""Toy-Smith"",""LicenceID"":""a1dd8e57-477b-4ae9-8a5f-8be041f9b46f"",""RequestDate"":""28/11/2020""}"
486,5,1,"{""CompanyName"":""Osinski, Shanahan and Metz"",""LicenceID"":""dbf08b44-2a47-4919-a7e2-88bb5d141097"",""RequestDate"":""2/12/2021""}"
487,5,3,"{""CompanyName"":""Abbott, Gerlach and Mann"",""LicenceID"":""5b296749-e457-421d-a047-480a72220295"",""RequestDate"":""6/1/2021""}"
488,5,2,"{""CompanyName"":""Lueilwitz, Lowe and Torphy"",""LicenceID"":""31d2b263-264a-42b7-a5a9-f518baa033b0"",""RequestDate"":""16/3/2023""}"
489,5,2,"{""CompanyName"":""Kertzmann-Lang"",""LicenceID"":""875c3394-1c8f-467e-b578-9037108af5ed"",""RequestDate"":""26/4/2022""}"
490,5,3,"{""CompanyName"":""Gerhold and Sons"",""LicenceID"":""07c5adbf-c18f-4bcf-95b8-e1fb7bbbf32b"",""RequestDate"":""22/4/2023""}"
491,5,3,"{""CompanyName"":""Schuppe, Mosciski and Gorczany"",""LicenceID"":""5debea2f-71e6-4e16-b7eb-6dba3b55c067"",""RequestDate"":""11/8/2022""}"
492,5,1,"{""CompanyName"":""Roberts LLC"",""LicenceID"":""c102cca9-55e5-4e82-95ea-172b592f2766"",""RequestDate"":""28/1/2022""}"
493,5,2,"{""CompanyName"":""Cummerata, Aufderhar and Hyatt"",""LicenceID"":""ff09da1c-c67d-4e5e-a719-15f104a89575"",""RequestDate"":""17/5/2021""}"
494,5,1,"{""CompanyName"":""Jacobi-Johnson"",""LicenceID"":""1d7b6627-093c-43c8-96d1-6e2228b29c42"",""RequestDate"":""14/2/2021""}"
495,5,1,"{""CompanyName"":""Welch, King and Upton"",""LicenceID"":""54f6630a-26cb-4608-83ac-c659b2006e00"",""RequestDate"":""24/6/2023""}"
496,5,3,"{""CompanyName"":""Gottlieb-Conn"",""LicenceID"":""6f4f0e2b-8803-4156-8590-90fcd81ad1ef"",""RequestDate"":""29/9/2022""}"
497,5,2,"{""CompanyName"":""Wehner Group"",""LicenceID"":""8975fdcd-db71-4176-b63a-c04048e6dfd4"",""RequestDate"":""30/7/2021""}"
498,5,2,"{""CompanyName"":""Schulist, Ward and Shanahan"",""LicenceID"":""1f59856e-68bb-4b13-9645-a92219b18e66"",""RequestDate"":""2/5/2021""}"
499,5,3,"{""CompanyName"":""Hilpert-Stoltenberg"",""LicenceID"":""dac51ba1-d0a7-46a9-b106-7eb82b1d9872"",""RequestDate"":""17/8/2021""}"
500,5,2,"{""CompanyName"":""Turcotte Inc"",""LicenceID"":""41375a6a-5e94-4d57-a932-6be9f20b100e"",""RequestDate"":""18/4/2023""}"
501,5,2,"{""CompanyName"":""Lang Inc"",""LicenceID"":""9f3f0452-93fa-4bd2-8793-7f155a7aff60"",""RequestDate"":""29/1/2022""}"
502,5,1,"{""CompanyName"":""Kovacek Group"",""LicenceID"":""fd22d24f-a42f-4532-8c09-e6e554f7511f"",""RequestDate"":""9/4/2021""}"
503,5,1,"{""CompanyName"":""Schimmel, Shields and Walter"",""LicenceID"":""adee3534-ae30-4ca2-a20b-c7f829a14291"",""RequestDate"":""2/8/2023""}"
504,5,2,"{""CompanyName"":""Kunze, Rogahn and Feest"",""LicenceID"":""c3a6ce5e-d606-4a2e-84fa-6e677c1907bd"",""RequestDate"":""15/5/2022""}"
505,5,1,"{""CompanyName"":""Marvin Group"",""LicenceID"":""562afcb2-07d3-45d4-8081-cb19a9f1d8da"",""RequestDate"":""11/6/2023""}"
506,5,2,"{""CompanyName"":""Smith, Bergnaum and Metz"",""LicenceID"":""6a4a7019-f607-4031-89aa-a46fd6df8481"",""RequestDate"":""11/5/2021""}"
507,5,3,"{""CompanyName"":""Morar-Kautzer"",""LicenceID"":""06f2a5f8-cc45-4a82-a65e-842d40ac27c8"",""RequestDate"":""19/6/2021""}"
508,5,3,"{""CompanyName"":""Yundt-Senger"",""LicenceID"":""0304d2e8-ed1e-44f8-b902-d280eeabd584"",""RequestDate"":""14/10/2023""}"
509,5,3,"{""CompanyName"":""Altenwerth, Marks and Ziemann"",""LicenceID"":""40acf524-0cf9-469c-91d6-587517b91931"",""RequestDate"":""12/4/2021""}"
510,5,3,"{""CompanyName"":""Powlowski-Moore"",""LicenceID"":""46c0a332-4e31-412b-a4c4-360a219d9b12"",""RequestDate"":""31/10/2020""}"
511,5,1,"{""CompanyName"":""Lebsack, Koss and Schulist"",""LicenceID"":""04a2d357-bc03-4740-9ee9-17530b17eae7"",""RequestDate"":""23/3/2023""}"
512,5,1,"{""CompanyName"":""Terry Group"",""LicenceID"":""05d4a5c4-d600-40d2-8677-6610bfc36481"",""RequestDate"":""5/6/2023""}"
513,5,2,"{""CompanyName"":""Kozey, Will and O'Connell"",""LicenceID"":""2bfb825e-ff28-4829-b6e0-133edbf8cf40"",""RequestDate"":""3/4/2023""}"
514,5,3,"{""CompanyName"":""Hodkiewicz Inc"",""LicenceID"":""fdbe052e-6e0a-40e0-9a8a-a5c436db9e67"",""RequestDate"":""14/8/2023""}"
515,5,2,"{""CompanyName"":""Dare, Koch and Deckow"",""LicenceID"":""ddbec289-8c8f-40c2-9ece-4e915a43733d"",""RequestDate"":""23/7/2021""}"
516,5,2,"{""CompanyName"":""Balistreri Group"",""LicenceID"":""e9c6aedd-9fec-4137-b011-6aa7d69e57d8"",""RequestDate"":""9/1/2021""}"
517,5,2,"{""CompanyName"":""Farrell Inc"",""LicenceID"":""f2de0f74-834e-4932-abeb-e5eaf16076fb"",""RequestDate"":""22/5/2021""}"
518,5,1,"{""CompanyName"":""Grant-Corkery"",""LicenceID"":""3ac72455-10fb-4eae-af98-d1c97a20ad94"",""RequestDate"":""10/5/2022""}"
519,5,3,"{""CompanyName"":""Waters-Jones"",""LicenceID"":""99653f16-805e-419c-aba6-fa0c924fe94a"",""RequestDate"":""29/6/2021""}"
520,5,3,"{""CompanyName"":""Okuneva LLC"",""LicenceID"":""8761b2f0-46df-40df-bdee-b9c527e04d6c"",""RequestDate"":""16/4/2023""}"
521,5,1,"{""CompanyName"":""Wolff-Goyette"",""LicenceID"":""6943eac7-b615-4ed2-9420-56b67475c11d"",""RequestDate"":""9/2/2023""}"
522,5,1,"{""CompanyName"":""Treutel, Schumm and Ortiz"",""LicenceID"":""2027530b-c32f-45b9-81af-20f5f4a9aadb"",""RequestDate"":""2/12/2022""}"
523,5,1,"{""CompanyName"":""Feest, Swaniawski and Larkin"",""LicenceID"":""1e796b1d-3b3a-4573-83ce-23eee043728c"",""RequestDate"":""1/9/2021""}"
524,5,2,"{""CompanyName"":""Bruen, Toy and Koelpin"",""LicenceID"":""37202600-e56f-461b-a0b9-89a97f56f240"",""RequestDate"":""27/12/2020""}"
525,5,3,"{""CompanyName"":""Armstrong-Gorczany"",""LicenceID"":""d10f2e80-2892-4def-b5d3-f09f430f948d"",""RequestDate"":""29/5/2021""}"
526,5,1,"{""CompanyName"":""Upton-Heidenreich"",""LicenceID"":""7f4c6726-1629-48db-9678-9448a85ecb0f"",""RequestDate"":""12/10/2022""}"
527,5,1,"{""CompanyName"":""Steuber-Rosenbaum"",""LicenceID"":""97952d20-4d90-48ef-a561-fe6e16ef5811"",""RequestDate"":""4/8/2022""}"
528,5,2,"{""CompanyName"":""Kuhn, O'Keefe and McCullough"",""LicenceID"":""f8ff56c2-357c-4730-98ab-493b9254dc94"",""RequestDate"":""15/2/2022""}"
529,5,2,"{""CompanyName"":""Bruen Group"",""LicenceID"":""4a3fd2f2-66c1-4753-ae9f-d978d8f87f20"",""RequestDate"":""11/4/2023""}"
530,5,2,"{""CompanyName"":""Rolfson-Hackett"",""LicenceID"":""ea5b48ad-56c9-4c08-b9fa-411cfaf35a2f"",""RequestDate"":""14/12/2021""}"
531,5,2,"{""CompanyName"":""Wiegand-O'Kon"",""LicenceID"":""3452c148-9071-4f83-9ae4-1ac284093531"",""RequestDate"":""11/5/2021""}"
532,5,1,"{""CompanyName"":""Bogisich, Nikolaus and Collins"",""LicenceID"":""12ef6c3b-d9c3-40e3-9162-ec275bd12c37"",""RequestDate"":""10/6/2022""}"
533,5,1,"{""CompanyName"":""Miller-Kuhic"",""LicenceID"":""3013d580-f08d-436c-af28-cefc56859f6a"",""RequestDate"":""29/12/2022""}"
534,5,3,"{""CompanyName"":""Toy-Rodriguez"",""LicenceID"":""e7d204e6-eb8e-4ad5-9f5f-41105a55bc1b"",""RequestDate"":""20/10/2022""}"
535,5,2,"{""CompanyName"":""Douglas-Shanahan"",""LicenceID"":""1a6ba43e-d820-4ee8-8a54-75c9bc4f8c55"",""RequestDate"":""23/2/2023""}"
536,5,3,"{""CompanyName"":""O'Hara-Goldner"",""LicenceID"":""28efe5ad-b330-47df-b581-6656a96d5216"",""RequestDate"":""7/11/2022""}"
537,5,3,"{""CompanyName"":""O'Kon Group"",""LicenceID"":""946d27bb-8662-4f3d-b2d1-10e97b33b8f8"",""RequestDate"":""4/6/2021""}"
538,5,3,"{""CompanyName"":""Reichert-Cummings"",""LicenceID"":""34f0130d-cb5c-45ae-a7b8-394ff1208ebf"",""RequestDate"":""6/9/2022""}"
539,5,2,"{""CompanyName"":""Franecki-Bernier"",""LicenceID"":""a360a120-4320-4029-a72c-578715f8c0f1"",""RequestDate"":""2/11/2021""}"
540,5,3,"{""CompanyName"":""Trantow-Spinka"",""LicenceID"":""07d2edb8-1e20-4a15-8db4-7f6424546603"",""RequestDate"":""19/10/2020""}"
541,5,1,"{""CompanyName"":""Hammes, Kreiger and Koepp"",""LicenceID"":""5736504e-3c8e-4eb7-9072-45d5a891e5a1"",""RequestDate"":""11/9/2023""}"
542,5,2,"{""CompanyName"":""Walsh LLC"",""LicenceID"":""02786c4c-c8fb-485e-a096-aebe1584c6f8"",""RequestDate"":""8/10/2021""}"
543,5,2,"{""CompanyName"":""Hyatt-Strosin"",""LicenceID"":""46bc4f9f-3949-4a80-a51a-e9e50089a40f"",""RequestDate"":""11/3/2023""}"
544,5,2,"{""CompanyName"":""Murray LLC"",""LicenceID"":""36804c01-ac06-4967-af9a-a3945c0a0186"",""RequestDate"":""22/12/2020""}"
545,5,2,"{""CompanyName"":""Grimes Group"",""LicenceID"":""e63dc8ff-c991-4698-a347-34a3702c5ea9"",""RequestDate"":""9/8/2021""}"
546,5,3,"{""CompanyName"":""Lesch and Sons"",""LicenceID"":""5a46f63b-8568-4540-9d1e-57460cf507be"",""RequestDate"":""20/2/2023""}"
547,5,3,"{""CompanyName"":""King Inc"",""LicenceID"":""8ff1a95a-08fa-445d-bbe2-485b52f100e9"",""RequestDate"":""19/8/2023""}"
548,5,3,"{""CompanyName"":""Fadel-Parker"",""LicenceID"":""dc67a866-c93e-4447-a7a7-963901af77ac"",""RequestDate"":""15/10/2022""}"
549,5,1,"{""CompanyName"":""MacGyver, Kemmer and Rogahn"",""LicenceID"":""90132a42-d1b3-46ab-8366-da0184ed9f32"",""RequestDate"":""3/11/2022""}"
550,5,2,"{""CompanyName"":""Lueilwitz, Schmitt and Hudson"",""LicenceID"":""9347d75e-7d24-459c-9458-0b7c14380d79"",""RequestDate"":""6/2/2021""}"
551,5,3,"{""CompanyName"":""Volkman, Schneider and Cole"",""LicenceID"":""acb79fcd-60f9-447b-bdac-84426744b884"",""RequestDate"":""17/8/2022""}"
552,5,3,"{""CompanyName"":""McClure-Grady"",""LicenceID"":""c2781d63-8ece-4146-aca4-af964295041e"",""RequestDate"":""13/5/2021""}"
553,5,3,"{""CompanyName"":""Bogisich and Sons"",""LicenceID"":""8a5d272d-03c8-4c71-8eb9-578cf9063a3e"",""RequestDate"":""13/2/2022""}"
554,5,2,"{""CompanyName"":""Heidenreich-Waelchi"",""LicenceID"":""3ec3b7d3-b1d8-441d-a662-b3c9b7861dfd"",""RequestDate"":""27/10/2020""}"
555,5,2,"{""CompanyName"":""Crist LLC"",""LicenceID"":""7a6ed037-d102-4dbd-9555-6d9784136240"",""RequestDate"":""23/12/2021""}"
556,5,3,"{""CompanyName"":""Roberts LLC"",""LicenceID"":""d24e5f30-2df5-4504-a750-2dde1da16810"",""RequestDate"":""5/6/2023""}"
557,5,2,"{""CompanyName"":""Marvin-Wuckert"",""LicenceID"":""fb7dfd17-776d-4c53-9ea0-8b8a7559781c"",""RequestDate"":""1/7/2023""}"
558,5,1,"{""CompanyName"":""Williamson-Veum"",""LicenceID"":""efdccb15-315a-46c4-bcb1-458deb619416"",""RequestDate"":""4/5/2021""}"
559,5,3,"{""CompanyName"":""Reilly LLC"",""LicenceID"":""646eb175-c156-4984-9ebe-f20713469215"",""RequestDate"":""14/3/2021""}"
560,5,2,"{""CompanyName"":""Walter Inc"",""LicenceID"":""38a5afcf-136e-4e33-b89f-9c8c0b835d37"",""RequestDate"":""1/8/2021""}"
561,5,3,"{""CompanyName"":""Batz-Ankunding"",""LicenceID"":""6daa9058-9108-42b4-a152-554e6ff4e1d5"",""RequestDate"":""5/7/2023""}"
562,5,1,"{""CompanyName"":""McLaughlin, Kassulke and Bednar"",""LicenceID"":""c16335fb-1ca3-456f-8748-981eddd25dee"",""RequestDate"":""15/12/2022""}"
563,5,2,"{""CompanyName"":""Sawayn-Moen"",""LicenceID"":""c729962e-8b35-4124-a070-de3cc34e04e5"",""RequestDate"":""10/8/2022""}"
564,5,1,"{""CompanyName"":""Stoltenberg-Heller"",""LicenceID"":""9e8575dc-6a48-4633-893f-caae8244f4a6"",""RequestDate"":""29/11/2020""}"
565,5,1,"{""CompanyName"":""Sauer-Conroy"",""LicenceID"":""3db2eb71-74ac-4b17-9405-d977dd3547a8"",""RequestDate"":""19/3/2023""}"
566,5,1,"{""CompanyName"":""Carter-Smith"",""LicenceID"":""4e8845f2-b3a4-43ad-9216-595520652c51"",""RequestDate"":""31/7/2023""}"
567,5,3,"{""CompanyName"":""Ferry-Mayert"",""LicenceID"":""67890211-74ce-4866-b64d-b009815aa9be"",""RequestDate"":""29/12/2022""}"
568,5,3,"{""CompanyName"":""Cormier-Conn"",""LicenceID"":""73db499a-4147-4281-bc11-f9e344f23a11"",""RequestDate"":""26/5/2022""}"
569,5,2,"{""CompanyName"":""Labadie-Hamill"",""LicenceID"":""0da06acf-7bce-47ee-b169-68503ffad429"",""RequestDate"":""2/12/2022""}"
570,5,1,"{""CompanyName"":""Leffler, Jakubowski and Larson"",""LicenceID"":""ad09432d-21ed-4160-8cf2-d149c8ee0abb"",""RequestDate"":""12/10/2021""}"
571,5,3,"{""CompanyName"":""Hudson-Ferry"",""LicenceID"":""792b1147-e467-4b99-9980-b69a49cbcf32"",""RequestDate"":""11/8/2021""}"
572,5,3,"{""CompanyName"":""Wintheiser LLC"",""LicenceID"":""7e638406-3ff3-4163-bccd-1ff7d4ff4ca3"",""RequestDate"":""4/6/2023""}"
573,5,1,"{""CompanyName"":""Sawayn, Jones and Baumbach"",""LicenceID"":""0a8a8ee0-7718-40ec-b937-7cc060b7458f"",""RequestDate"":""19/9/2023""}"
574,5,2,"{""CompanyName"":""Reinger-Schowalter"",""LicenceID"":""7c71fb5f-1ebb-4527-a2a2-5712edf7de60"",""RequestDate"":""25/3/2023""}"
575,5,1,"{""CompanyName"":""Reichel-Mann"",""LicenceID"":""a310a874-7325-4981-97b0-ebb45fffe3ca"",""RequestDate"":""17/12/2021""}"
576,5,2,"{""CompanyName"":""Reinger, Terry and Davis"",""LicenceID"":""84da68e3-5a0d-4b78-8f72-6720a01ce01f"",""RequestDate"":""20/12/2022""}"
577,5,3,"{""CompanyName"":""Sawayn, Ward and Koepp"",""LicenceID"":""11447bca-c66d-4bca-bafb-4818bd003632"",""RequestDate"":""11/9/2022""}"
578,5,1,"{""CompanyName"":""Doyle Inc"",""LicenceID"":""f563c23c-19d0-4537-b9ce-fd84ebd0aaf3"",""RequestDate"":""29/8/2023""}"
579,5,3,"{""CompanyName"":""Corwin-Thiel"",""LicenceID"":""ce23fa33-d1ff-4138-a424-4ae0934c09f4"",""RequestDate"":""18/4/2021""}"
580,5,3,"{""CompanyName"":""Hammes-Schinner"",""LicenceID"":""54eadf79-2997-4bda-952e-deafe74476cf"",""RequestDate"":""13/6/2021""}"
581,5,3,"{""CompanyName"":""Simonis Group"",""LicenceID"":""91e49964-3dfc-4558-9912-d48c8fdf1a20"",""RequestDate"":""18/11/2021""}"
582,5,3,"{""CompanyName"":""Barton, West and Rohan"",""LicenceID"":""0e90a467-0d51-490b-949d-d82d739c22c6"",""RequestDate"":""12/6/2021""}"
583,5,3,"{""CompanyName"":""Bartell, Cassin and Borer"",""LicenceID"":""78f23c38-27d5-4de5-bcf8-174a1992cd9f"",""RequestDate"":""12/6/2021""}"
584,5,1,"{""CompanyName"":""Ledner Inc"",""LicenceID"":""1fba3df2-fc9c-47ed-b384-9956960a76ad"",""RequestDate"":""7/1/2022""}"
585,5,1,"{""CompanyName"":""Ratke Inc"",""LicenceID"":""aa78ec7e-8475-48e2-97eb-0d93f3dc0321"",""RequestDate"":""12/6/2022""}"
586,5,2,"{""CompanyName"":""Satterfield-Weimann"",""LicenceID"":""ef089fa3-c9b3-467e-b298-cbf09a959882"",""RequestDate"":""18/1/2021""}"
587,5,3,"{""CompanyName"":""Bashirian, Goodwin and Spinka"",""LicenceID"":""39d9ad59-3a89-49f6-ae17-2ac3b07e4a32"",""RequestDate"":""25/2/2021""}"
588,5,1,"{""CompanyName"":""Lowe, Koch and Bahringer"",""LicenceID"":""f0f1cdc3-ac9b-414b-b0e5-ec815fddfd16"",""RequestDate"":""29/12/2022""}"
589,5,3,"{""CompanyName"":""Krajcik LLC"",""LicenceID"":""8a3a1a1e-40fe-413a-85f6-a1c64750ffc6"",""RequestDate"":""9/9/2022""}"
590,5,1,"{""CompanyName"":""Homenick, Raynor and Schiller"",""LicenceID"":""c713da5b-50a8-4f53-8f34-ca8fcb743b3e"",""RequestDate"":""23/10/2022""}"
591,5,1,"{""CompanyName"":""Huels-Jenkins"",""LicenceID"":""5b26aeb8-2641-43d0-b951-ecc48806b383"",""RequestDate"":""31/12/2022""}"
592,5,1,"{""CompanyName"":""Bartell-Schmidt"",""LicenceID"":""5635590c-d57f-4104-9359-ae11f3234e5b"",""RequestDate"":""31/12/2021""}"
593,5,3,"{""CompanyName"":""Kozey Group"",""LicenceID"":""b59ddee0-62de-4358-9d26-4bb145ae446b"",""RequestDate"":""16/3/2023""}"
594,5,2,"{""CompanyName"":""Ebert-Becker"",""LicenceID"":""ad395bb8-bd60-47ec-b5c4-5de156ba5f3b"",""RequestDate"":""7/3/2021""}"
595,5,3,"{""CompanyName"":""Senger-Macejkovic"",""LicenceID"":""479c05bd-1b39-4652-ac91-a3768cc12d7f"",""RequestDate"":""19/9/2022""}"
596,5,1,"{""CompanyName"":""Crooks LLC"",""LicenceID"":""18994b5a-6887-4cc9-b23a-c40b2ecf74e4"",""RequestDate"":""15/11/2020""}"
597,5,3,"{""CompanyName"":""Bartell, Little and Klein"",""LicenceID"":""9262d555-4f60-4bdd-819a-d3a16d576af9"",""RequestDate"":""11/2/2022""}"
598,5,2,"{""CompanyName"":""Boyer, Brown and VonRueden"",""LicenceID"":""2dc23e7d-2727-4f54-8ad2-2fb2fe43078b"",""RequestDate"":""18/4/2023""}"
599,5,2,"{""CompanyName"":""Walker-Keebler"",""LicenceID"":""9c8b6a01-92f0-420a-ba8c-4d6dfc6251e2"",""RequestDate"":""30/11/2022""}"